country_code,appkey,product_type,segment,usage_type,popup_cx_version,consent_cx_version,banner_cx_version,hs_cx_version,launch_description,launch_id,campaign_description,external_campaign,test_machine_flag,ab_test_flag,app_termination_flag,in_use
12,Illustrator1-26-OSX,Illustrator,CONS,HIGH,3,3,3,3,IC DZ CC DM Redesign,32,32 IC DZ CC DM Redesign HIGH,9RQM43MY,0,0,1,TRUE
12,Illustrator1-26-OSX,Illustrator,CONS,LOW,3,3,3,3,IC DZ CC DM Redesign,32,32 IC DZ CC DM Redesign LOW,9RQM43MY,0,0,1,TRUE
12,Illustrator1-26-OSX,Illustrator,CONS,MID,3,3,3,3,IC DZ CC DM Redesign,32,32 IC DZ CC DM Redesign MID,9RQM43MY,0,0,1,TRUE
12,Illustrator1-26-OSX,Illustrator,CONS,NO USAGE,3,3,3,3,IC DZ CC DM Redesign,32,32 IC DZ CC DM Redesign NO USAGE,9RQM43MY,0,0,1,TRUE
12,Illustrator1-26-WIN,Illustrator,CONS,HIGH,3,3,3,3,IC DZ CC DM Redesign,32,32 IC DZ CC DM Redesign HIGH,9RQM43MY,0,0,1,TRUE
12,Illustrator1-26-WIN,Illustrator,CONS,LOW,3,3,3,3,IC DZ CC DM Redesign,32,32 IC DZ CC DM Redesign LOW,9RQM43MY,0,0,1,TRUE
12,Illustrator1-26-WIN,Illustrator,CONS,MID,3,3,3,3,IC DZ CC DM Redesign,32,32 IC DZ CC DM Redesign MID,9RQM43MY,0,0,1,TRUE
12,Illustrator1-26-WIN,Illustrator,CONS,NO USAGE,3,3,3,3,IC DZ CC DM Redesign,32,32 IC DZ CC DM Redesign NO USAGE,9RQM43MY,0,0,1,TRUE
12,LightroomClassic1-11-OSX,Lightroom,CONS,HIGH,3,3,5,5,IC DZ CC DM Redesign,60,60 IC DZ CC DM Redesign HIGH,F89JZM31,0,0,1,TRUE
12,LightroomClassic1-11-OSX,Lightroom,CONS,LOW,3,3,5,5,IC DZ CC DM Redesign,60,60 IC DZ CC DM Redesign LOW,F89JZM31,0,0,1,TRUE
12,LightroomClassic1-11-OSX,Lightroom,CONS,MID,3,3,5,5,IC DZ CC DM Redesign,60,60 IC DZ CC DM Redesign MID,F89JZM31,0,0,1,TRUE
12,LightroomClassic1-11-OSX,Lightroom,CONS,NO USAGE,3,3,5,5,IC DZ CC DM Redesign,60,60 IC DZ CC DM Redesign NO USAGE,F89JZM31,0,0,1,TRUE
12,LightroomClassic1-11-WIN,Lightroom,CONS,HIGH,3,3,5,5,IC DZ CC DM Redesign,60,60 IC DZ CC DM Redesign HIGH,F89JZM31,0,0,1,TRUE
12,LightroomClassic1-11-WIN,Lightroom,CONS,LOW,3,3,5,5,IC DZ CC DM Redesign,60,60 IC DZ CC DM Redesign LOW,F89JZM31,0,0,1,TRUE
12,LightroomClassic1-11-WIN,Lightroom,CONS,MID,3,3,5,5,IC DZ CC DM Redesign,60,60 IC DZ CC DM Redesign MID,F89JZM31,0,0,1,TRUE
12,LightroomClassic1-11-WIN,Lightroom,CONS,NO USAGE,3,3,5,5,IC DZ CC DM Redesign,60,60 IC DZ CC DM Redesign NO USAGE,F89JZM31,0,0,1,TRUE
12,Photoshop1-23-WIN,Photoshop,CONS,HIGH,3,3,7,7,IC DZ CC DM Redesign,10,10 IC DZ CC DM Redesign HIGH,71KW6TSP,0,0,1,TRUE
12,Photoshop1-23-WIN,Photoshop,CONS,LOW,3,3,7,7,IC DZ CC DM Redesign,10,10 IC DZ CC DM Redesign LOW,71KW6TSP,0,0,1,TRUE
12,Photoshop1-23-WIN,Photoshop,CONS,MID,3,3,7,7,IC DZ CC DM Redesign,10,10 IC DZ CC DM Redesign MID,71KW6TSP,0,0,1,TRUE
12,Photoshop1-23-WIN,Photoshop,CONS,NO USAGE,3,3,7,7,IC DZ CC DM Redesign,10,10 IC DZ CC DM Redesign NO USAGE,71KW6TSP,0,0,1,TRUE
152,Illustrator1-26-OSX,Illustrator,CONS,HIGH,3,3,3,3,IC CL CC DM Redesign,37,37 IC CL CC DM Redesign HIGH,BDDS3GYS,0,0,1,TRUE
152,Illustrator1-26-OSX,Illustrator,CONS,LOW,3,3,3,3,IC CL CC DM Redesign,37,37 IC CL CC DM Redesign LOW,BDDS3GYS,0,0,1,TRUE
152,Illustrator1-26-OSX,Illustrator,CONS,MID,3,3,3,3,IC CL CC DM Redesign,37,37 IC CL CC DM Redesign MID,BDDS3GYS,0,0,1,TRUE
152,Illustrator1-26-OSX,Illustrator,CONS,NO USAGE,3,3,3,3,IC CL CC DM Redesign,37,37 IC CL CC DM Redesign NO USAGE,BDDS3GYS,0,0,1,TRUE
152,Illustrator1-26-WIN,Illustrator,CONS,HIGH,3,3,3,3,IC CL CC DM Redesign,37,37 IC CL CC DM Redesign HIGH,BDDS3GYS,0,0,1,TRUE
152,Illustrator1-26-WIN,Illustrator,CONS,LOW,3,3,3,3,IC CL CC DM Redesign,37,37 IC CL CC DM Redesign LOW,BDDS3GYS,0,0,1,TRUE
152,Illustrator1-26-WIN,Illustrator,CONS,MID,3,3,3,3,IC CL CC DM Redesign,37,37 IC CL CC DM Redesign MID,BDDS3GYS,0,0,1,TRUE
152,Illustrator1-26-WIN,Illustrator,CONS,NO USAGE,3,3,3,3,IC CL CC DM Redesign,37,37 IC CL CC DM Redesign NO USAGE,BDDS3GYS,0,0,1,TRUE
152,LightroomClassic1-11-OSX,Lightroom,CONS,HIGH,3,3,5,5,IC CL CC DM Redesign,65,65 IC CL CC DM Redesign HIGH,LQLZT4RK,0,0,1,TRUE
152,LightroomClassic1-11-OSX,Lightroom,CONS,LOW,3,3,5,5,IC CL CC DM Redesign,65,65 IC CL CC DM Redesign LOW,LQLZT4RK,0,0,1,TRUE
152,LightroomClassic1-11-OSX,Lightroom,CONS,MID,3,3,5,5,IC CL CC DM Redesign,65,65 IC CL CC DM Redesign MID,LQLZT4RK,0,0,1,TRUE
152,LightroomClassic1-11-OSX,Lightroom,CONS,NO USAGE,3,3,5,5,IC CL CC DM Redesign,65,65 IC CL CC DM Redesign NO USAGE,LQLZT4RK,0,0,1,TRUE
152,LightroomClassic1-11-WIN,Lightroom,CONS,HIGH,3,3,5,5,IC CL CC DM Redesign,65,65 IC CL CC DM Redesign HIGH,LQLZT4RK,0,0,1,TRUE
152,LightroomClassic1-11-WIN,Lightroom,CONS,LOW,3,3,5,5,IC CL CC DM Redesign,65,65 IC CL CC DM Redesign LOW,LQLZT4RK,0,0,1,TRUE
152,LightroomClassic1-11-WIN,Lightroom,CONS,MID,3,3,5,5,IC CL CC DM Redesign,65,65 IC CL CC DM Redesign MID,LQLZT4RK,0,0,1,TRUE
152,LightroomClassic1-11-WIN,Lightroom,CONS,NO USAGE,3,3,5,5,IC CL CC DM Redesign,65,65 IC CL CC DM Redesign NO USAGE,LQLZT4RK,0,0,1,TRUE
152,Photoshop1-23-WIN,Photoshop,CONS,HIGH,3,3,7,7,IC CL CC DM Redesign,14,14 IC CL CC DM Redesign HIGH,7JJ16BVK,0,0,1,TRUE
152,Photoshop1-23-WIN,Photoshop,CONS,LOW,3,3,7,7,IC CL CC DM Redesign,14,14 IC CL CC DM Redesign LOW,7JJ16BVK,0,0,1,TRUE
152,Photoshop1-23-WIN,Photoshop,CONS,MID,3,3,7,7,IC CL CC DM Redesign,14,14 IC CL CC DM Redesign MID,7JJ16BVK,0,0,1,TRUE
152,Photoshop1-23-WIN,Photoshop,CONS,NO USAGE,3,3,7,7,IC CL CC DM Redesign,14,14 IC CL CC DM Redesign NO USAGE,7JJ16BVK,0,0,1,TRUE
170,Illustrator1-26-OSX,Illustrator,CONS,HIGH,3,3,3,3,IC CO CC DM Redesign,38,38 IC CO CC DM Redesign HIGH,BJ4T3C7R,0,0,1,TRUE
170,Illustrator1-26-OSX,Illustrator,CONS,LOW,3,3,3,3,IC CO CC DM Redesign,38,38 IC CO CC DM Redesign LOW,BJ4T3C7R,0,0,1,TRUE
170,Illustrator1-26-OSX,Illustrator,CONS,MID,3,3,3,3,IC CO CC DM Redesign,38,38 IC CO CC DM Redesign MID,BJ4T3C7R,0,0,1,TRUE
170,Illustrator1-26-OSX,Illustrator,CONS,NO USAGE,3,3,3,3,IC CO CC DM Redesign,38,38 IC CO CC DM Redesign NO USAGE,BJ4T3C7R,0,0,1,TRUE
170,Illustrator1-26-WIN,Illustrator,CONS,HIGH,3,3,3,3,IC CO CC DM Redesign,38,38 IC CO CC DM Redesign HIGH,BJ4T3C7R,0,0,1,TRUE
170,Illustrator1-26-WIN,Illustrator,CONS,LOW,3,3,3,3,IC CO CC DM Redesign,38,38 IC CO CC DM Redesign LOW,BJ4T3C7R,0,0,1,TRUE
170,Illustrator1-26-WIN,Illustrator,CONS,MID,3,3,3,3,IC CO CC DM Redesign,38,38 IC CO CC DM Redesign MID,BJ4T3C7R,0,0,1,TRUE
170,Illustrator1-26-WIN,Illustrator,CONS,NO USAGE,3,3,3,3,IC CO CC DM Redesign,38,38 IC CO CC DM Redesign NO USAGE,BJ4T3C7R,0,0,1,TRUE
170,LightroomClassic1-11-OSX,Lightroom,CONS,HIGH,3,3,5,5,IC CO CC DM Redesign,66,66 IC CO CC DM Redesign HIGH,NYTLQWJY,0,0,1,TRUE
170,LightroomClassic1-11-OSX,Lightroom,CONS,LOW,3,3,5,5,IC CO CC DM Redesign,66,66 IC CO CC DM Redesign LOW,NYTLQWJY,0,0,1,TRUE
170,LightroomClassic1-11-OSX,Lightroom,CONS,MID,3,3,5,5,IC CO CC DM Redesign,66,66 IC CO CC DM Redesign MID,NYTLQWJY,0,0,1,TRUE
170,LightroomClassic1-11-OSX,Lightroom,CONS,NO USAGE,3,3,5,5,IC CO CC DM Redesign,66,66 IC CO CC DM Redesign NO USAGE,NYTLQWJY,0,0,1,TRUE
170,LightroomClassic1-11-WIN,Lightroom,CONS,HIGH,3,3,5,5,IC CO CC DM Redesign,66,66 IC CO CC DM Redesign HIGH,NYTLQWJY,0,0,1,TRUE
170,LightroomClassic1-11-WIN,Lightroom,CONS,LOW,3,3,5,5,IC CO CC DM Redesign,66,66 IC CO CC DM Redesign LOW,NYTLQWJY,0,0,1,TRUE
170,LightroomClassic1-11-WIN,Lightroom,CONS,MID,3,3,5,5,IC CO CC DM Redesign,66,66 IC CO CC DM Redesign MID,NYTLQWJY,0,0,1,TRUE
170,LightroomClassic1-11-WIN,Lightroom,CONS,NO USAGE,3,3,5,5,IC CO CC DM Redesign,66,66 IC CO CC DM Redesign NO USAGE,NYTLQWJY,0,0,1,TRUE
170,Photoshop1-23-WIN,Photoshop,CONS,HIGH,3,3,7,7,IC CO CC DM Redesign,15,15 IC CO CC DM Redesign HIGH,7N82674J,0,0,1,TRUE
170,Photoshop1-23-WIN,Photoshop,CONS,LOW,3,3,7,7,IC CO CC DM Redesign,15,15 IC CO CC DM Redesign LOW,7N82674J,0,0,1,TRUE
170,Photoshop1-23-WIN,Photoshop,CONS,MID,3,3,7,7,IC CO CC DM Redesign,15,15 IC CO CC DM Redesign MID,7N82674J,0,0,1,TRUE
170,Photoshop1-23-WIN,Photoshop,CONS,NO USAGE,3,3,7,7,IC CO CC DM Redesign,15,15 IC CO CC DM Redesign NO USAGE,7N82674J,0,0,1,TRUE
32,Illustrator1-26-OSX,Illustrator,CONS,HIGH,3,3,3,3,IC AR CC DM Redesign,33,33 IC AR CC DM Redesign HIGH,9WGN3YWX,0,0,1,TRUE
32,Illustrator1-26-OSX,Illustrator,CONS,LOW,3,3,3,3,IC AR CC DM Redesign,33,33 IC AR CC DM Redesign LOW,9WGN3YWX,0,0,1,TRUE
32,Illustrator1-26-OSX,Illustrator,CONS,MID,3,3,3,3,IC AR CC DM Redesign,33,33 IC AR CC DM Redesign MID,9WGN3YWX,0,0,1,TRUE
32,Illustrator1-26-OSX,Illustrator,CONS,NO USAGE,3,3,3,3,IC AR CC DM Redesign,33,33 IC AR CC DM Redesign NO USAGE,9WGN3YWX,0,0,1,TRUE
32,Illustrator1-26-WIN,Illustrator,CONS,HIGH,3,3,3,3,IC AR CC DM Redesign,33,33 IC AR CC DM Redesign HIGH,9WGN3YWX,0,0,1,TRUE
32,Illustrator1-26-WIN,Illustrator,CONS,LOW,3,3,3,3,IC AR CC DM Redesign,33,33 IC AR CC DM Redesign LOW,9WGN3YWX,0,0,1,TRUE
32,Illustrator1-26-WIN,Illustrator,CONS,MID,3,3,3,3,IC AR CC DM Redesign,33,33 IC AR CC DM Redesign MID,9WGN3YWX,0,0,1,TRUE
32,Illustrator1-26-WIN,Illustrator,CONS,NO USAGE,3,3,3,3,IC AR CC DM Redesign,33,33 IC AR CC DM Redesign NO USAGE,9WGN3YWX,0,0,1,TRUE
32,LightroomClassic1-11-OSX,Lightroom,CONS,HIGH,3,3,5,5,IC AR CC DM Redesign,61,61 IC AR CC DM Redesign HIGH,FD1KZHBZ,0,0,1,TRUE
32,LightroomClassic1-11-OSX,Lightroom,CONS,LOW,3,3,5,5,IC AR CC DM Redesign,61,61 IC AR CC DM Redesign LOW,FD1KZHBZ,0,0,1,TRUE
32,LightroomClassic1-11-OSX,Lightroom,CONS,MID,3,3,5,5,IC AR CC DM Redesign,61,61 IC AR CC DM Redesign MID,FD1KZHBZ,0,0,1,TRUE
32,LightroomClassic1-11-OSX,Lightroom,CONS,NO USAGE,3,3,5,5,IC AR CC DM Redesign,61,61 IC AR CC DM Redesign NO USAGE,FD1KZHBZ,0,0,1,TRUE
32,LightroomClassic1-11-WIN,Lightroom,CONS,HIGH,3,3,5,5,IC AR CC DM Redesign,61,61 IC AR CC DM Redesign HIGH,FD1KZHBZ,0,0,1,TRUE
32,LightroomClassic1-11-WIN,Lightroom,CONS,LOW,3,3,5,5,IC AR CC DM Redesign,61,61 IC AR CC DM Redesign LOW,FD1KZHBZ,0,0,1,TRUE
32,LightroomClassic1-11-WIN,Lightroom,CONS,MID,3,3,5,5,IC AR CC DM Redesign,61,61 IC AR CC DM Redesign MID,FD1KZHBZ,0,0,1,TRUE
32,LightroomClassic1-11-WIN,Lightroom,CONS,NO USAGE,3,3,5,5,IC AR CC DM Redesign,61,61 IC AR CC DM Redesign NO USAGE,FD1KZHBZ,0,0,1,TRUE
32,Photoshop1-23-WIN,Photoshop,CONS,HIGH,3,3,7,7,IC AR CC DM Redesign,11,11 IC AR CC DM Redesign HIGH,759X6Q2N,0,0,1,TRUE
32,Photoshop1-23-WIN,Photoshop,CONS,LOW,3,3,7,7,IC AR CC DM Redesign,11,11 IC AR CC DM Redesign LOW,759X6Q2N,0,0,1,TRUE
32,Photoshop1-23-WIN,Photoshop,CONS,MID,3,3,7,7,IC AR CC DM Redesign,11,11 IC AR CC DM Redesign MID,759X6Q2N,0,0,1,TRUE
32,Photoshop1-23-WIN,Photoshop,CONS,NO USAGE,3,3,7,7,IC AR CC DM Redesign,11,11 IC AR CC DM Redesign NO USAGE,759X6Q2N,0,0,1,TRUE
36,Illustrator1-26-OSX,Illustrator,CONS,HIGH,4,4,4,4,IC AU CC DM Redesign,56,56 IC AU CC DM Redesign HIGH,DRCF1415,0,0,1,TRUE
36,Illustrator1-26-OSX,Illustrator,CONS,LOW,3,3,3,3,IC AU CC DM Redesign,34,34 IC AU CC DM Redesign LOW,B16P3V5W,0,0,1,TRUE
36,Illustrator1-26-OSX,Illustrator,CONS,MID,3,3,3,3,IC AU CC DM Redesign,34,34 IC AU CC DM Redesign MID,B16P3V5W,0,0,1,TRUE
36,Illustrator1-26-OSX,Illustrator,CONS,NO USAGE,3,3,3,3,IC AU CC DM Redesign,34,34 IC AU CC DM Redesign NO USAGE,B16P3V5W,0,0,1,TRUE
36,Illustrator1-26-WIN,Illustrator,CONS,HIGH,4,4,4,4,IC AU CC DM Redesign,56,56 IC AU CC DM Redesign HIGH,DRCF1415,0,0,1,TRUE
36,Illustrator1-26-WIN,Illustrator,CONS,LOW,3,3,3,3,IC AU CC DM Redesign,34,34 IC AU CC DM Redesign LOW,B16P3V5W,0,0,1,TRUE
36,Illustrator1-26-WIN,Illustrator,CONS,MID,3,3,3,3,IC AU CC DM Redesign,34,34 IC AU CC DM Redesign MID,B16P3V5W,0,0,1,TRUE
36,Illustrator1-26-WIN,Illustrator,CONS,NO USAGE,3,3,3,3,IC AU CC DM Redesign,34,34 IC AU CC DM Redesign NO USAGE,B16P3V5W,0,0,1,TRUE
36,LightroomClassic1-11-OSX,Lightroom,CONS,HIGH,4,4,6,6,IC AU CC DM Redesign,84,84 IC AU CC DM Redesign HIGH,WG1BJFC7,0,0,1,TRUE
36,LightroomClassic1-11-OSX,Lightroom,CONS,LOW,3,3,5,5,IC AU CC DM Redesign,62,62 IC AU CC DM Redesign LOW,FHRLZCLY,0,0,1,TRUE
36,LightroomClassic1-11-OSX,Lightroom,CONS,MID,3,3,5,5,IC AU CC DM Redesign,62,62 IC AU CC DM Redesign MID,FHRLZCLY,0,0,1,TRUE
36,LightroomClassic1-11-OSX,Lightroom,CONS,NO USAGE,3,3,5,5,IC AU CC DM Redesign,62,62 IC AU CC DM Redesign NO USAGE,FHRLZCLY,0,0,1,TRUE
36,LightroomClassic1-11-WIN,Lightroom,CONS,HIGH,4,4,6,6,IC AU CC DM Redesign,84,84 IC AU CC DM Redesign HIGH,WG1BJFC7,0,0,1,TRUE
36,LightroomClassic1-11-WIN,Lightroom,CONS,LOW,3,3,5,5,IC AU CC DM Redesign,62,62 IC AU CC DM Redesign LOW,FHRLZCLY,0,0,1,TRUE
36,LightroomClassic1-11-WIN,Lightroom,CONS,MID,3,3,5,5,IC AU CC DM Redesign,62,62 IC AU CC DM Redesign MID,FHRLZCLY,0,0,1,TRUE
36,LightroomClassic1-11-WIN,Lightroom,CONS,NO USAGE,3,3,5,5,IC AU CC DM Redesign,62,62 IC AU CC DM Redesign NO USAGE,FHRLZCLY,0,0,1,TRUE
36,Photoshop1-23-WIN,Photoshop,CONS,HIGH,4,4,8,8,IC AU CC DM Redesign,31,31 IC AU CC DM Redesign HIGH,9MZL47CZ,0,0,1,TRUE
36,Photoshop1-23-WIN,Photoshop,CONS,LOW,3,3,7,7,IC AU CC DM Redesign,12,12 IC AU CC DM Redesign LOW,791Y6LBM,0,0,1,TRUE
36,Photoshop1-23-WIN,Photoshop,CONS,MID,3,3,7,7,IC AU CC DM Redesign,12,12 IC AU CC DM Redesign MID,791Y6LBM,0,0,1,TRUE
36,Photoshop1-23-WIN,Photoshop,CONS,NO USAGE,3,3,7,7,IC AU CC DM Redesign,12,12 IC AU CC DM Redesign NO USAGE,791Y6LBM,0,0,1,TRUE
392,Illustrator1-26-OSX,Illustrator,CONS,HIGH,3,3,3,3,IC JP CC DM Redesign,39,39 IC JP CC DM Redesign HIGH,BMVV37HQ,0,0,1,TRUE
392,Illustrator1-26-OSX,Illustrator,CONS,LOW,3,3,3,3,IC JP CC DM Redesign,39,39 IC JP CC DM Redesign LOW,BMVV37HQ,0,0,1,TRUE
392,Illustrator1-26-OSX,Illustrator,CONS,MID,3,3,3,3,IC JP CC DM Redesign,39,39 IC JP CC DM Redesign MID,BMVV37HQ,0,0,1,TRUE
392,Illustrator1-26-OSX,Illustrator,CONS,NO USAGE,3,3,3,3,IC JP CC DM Redesign,39,39 IC JP CC DM Redesign NO USAGE,BMVV37HQ,0,0,1,TRUE
392,Illustrator1-26-WIN,Illustrator,CONS,HIGH,3,3,3,3,IC JP CC DM Redesign,39,39 IC JP CC DM Redesign HIGH,BMVV37HQ,0,0,1,TRUE
392,Illustrator1-26-WIN,Illustrator,CONS,LOW,3,3,3,3,IC JP CC DM Redesign,39,39 IC JP CC DM Redesign LOW,BMVV37HQ,0,0,1,TRUE
392,Illustrator1-26-WIN,Illustrator,CONS,MID,3,3,3,3,IC JP CC DM Redesign,39,39 IC JP CC DM Redesign MID,BMVV37HQ,0,0,1,TRUE
392,Illustrator1-26-WIN,Illustrator,CONS,NO USAGE,3,3,3,3,IC JP CC DM Redesign,39,39 IC JP CC DM Redesign NO USAGE,BMVV37HQ,0,0,1,TRUE
392,LightroomClassic1-11-OSX,Lightroom,CONS,HIGH,3,3,5,5,IC JP CC DM Redesign,67,67 IC JP CC DM Redesign HIGH,S36FMS64,0,0,1,TRUE
392,LightroomClassic1-11-OSX,Lightroom,CONS,LOW,3,3,5,5,IC JP CC DM Redesign,67,67 IC JP CC DM Redesign LOW,S36FMS64,0,0,1,TRUE
392,LightroomClassic1-11-OSX,Lightroom,CONS,MID,3,3,5,5,IC JP CC DM Redesign,67,67 IC JP CC DM Redesign MID,S36FMS64,0,0,1,TRUE
392,LightroomClassic1-11-OSX,Lightroom,CONS,NO USAGE,3,3,5,5,IC JP CC DM Redesign,67,67 IC JP CC DM Redesign NO USAGE,S36FMS64,0,0,1,TRUE
392,LightroomClassic1-11-WIN,Lightroom,CONS,HIGH,3,3,5,5,IC JP CC DM Redesign,67,67 IC JP CC DM Redesign HIGH,S36FMS64,0,0,1,TRUE
392,LightroomClassic1-11-WIN,Lightroom,CONS,LOW,3,3,5,5,IC JP CC DM Redesign,67,67 IC JP CC DM Redesign LOW,S36FMS64,0,0,1,TRUE
392,LightroomClassic1-11-WIN,Lightroom,CONS,MID,3,3,5,5,IC JP CC DM Redesign,67,67 IC JP CC DM Redesign MID,S36FMS64,0,0,1,TRUE
392,LightroomClassic1-11-WIN,Lightroom,CONS,NO USAGE,3,3,5,5,IC JP CC DM Redesign,67,67 IC JP CC DM Redesign NO USAGE,S36FMS64,0,0,1,TRUE
392,Photoshop1-23-WIN,Photoshop,CONS,HIGH,3,3,7,7,IC JP CC DM Redesign,16,16 IC JP CC DM Redesign HIGH,7RZ363DH,0,0,1,TRUE
392,Photoshop1-23-WIN,Photoshop,CONS,LOW,3,3,7,7,IC JP CC DM Redesign,16,16 IC JP CC DM Redesign LOW,7RZ363DH,0,0,1,TRUE
392,Photoshop1-23-WIN,Photoshop,CONS,MID,3,3,7,7,IC JP CC DM Redesign,16,16 IC JP CC DM Redesign MID,7RZ363DH,0,0,1,TRUE
392,Photoshop1-23-WIN,Photoshop,CONS,NO USAGE,3,3,7,7,IC JP CC DM Redesign,16,16 IC JP CC DM Redesign NO USAGE,7RZ363DH,0,0,1,TRUE
400,Illustrator1-26-OSX,Illustrator,CONS,HIGH,3,3,3,3,IC JO CC DM Redesign,40,40 IC JO CC DM Redesign HIGH,BRLW33RP,0,0,1,TRUE
400,Illustrator1-26-OSX,Illustrator,CONS,LOW,3,3,3,3,IC JO CC DM Redesign,40,40 IC JO CC DM Redesign LOW,BRLW33RP,0,0,1,TRUE
400,Illustrator1-26-OSX,Illustrator,CONS,MID,3,3,3,3,IC JO CC DM Redesign,40,40 IC JO CC DM Redesign MID,BRLW33RP,0,0,1,TRUE
400,Illustrator1-26-OSX,Illustrator,CONS,NO USAGE,3,3,3,3,IC JO CC DM Redesign,40,40 IC JO CC DM Redesign NO USAGE,BRLW33RP,0,0,1,TRUE
400,Illustrator1-26-WIN,Illustrator,CONS,HIGH,3,3,3,3,IC JO CC DM Redesign,40,40 IC JO CC DM Redesign HIGH,BRLW33RP,0,0,1,TRUE
400,Illustrator1-26-WIN,Illustrator,CONS,LOW,3,3,3,3,IC JO CC DM Redesign,40,40 IC JO CC DM Redesign LOW,BRLW33RP,0,0,1,TRUE
400,Illustrator1-26-WIN,Illustrator,CONS,MID,3,3,3,3,IC JO CC DM Redesign,40,40 IC JO CC DM Redesign MID,BRLW33RP,0,0,1,TRUE
400,Illustrator1-26-WIN,Illustrator,CONS,NO USAGE,3,3,3,3,IC JO CC DM Redesign,40,40 IC JO CC DM Redesign NO USAGE,BRLW33RP,0,0,1,TRUE
400,LightroomClassic1-11-OSX,Lightroom,CONS,HIGH,3,3,5,5,IC JO CC DM Redesign,68,68 IC JO CC DM Redesign HIGH,TG8SLF3R,0,0,1,TRUE
400,LightroomClassic1-11-OSX,Lightroom,CONS,LOW,3,3,5,5,IC JO CC DM Redesign,68,68 IC JO CC DM Redesign LOW,TG8SLF3R,0,0,1,TRUE
400,LightroomClassic1-11-OSX,Lightroom,CONS,MID,3,3,5,5,IC JO CC DM Redesign,68,68 IC JO CC DM Redesign MID,TG8SLF3R,0,0,1,TRUE
400,LightroomClassic1-11-OSX,Lightroom,CONS,NO USAGE,3,3,5,5,IC JO CC DM Redesign,68,68 IC JO CC DM Redesign NO USAGE,TG8SLF3R,0,0,1,TRUE
400,LightroomClassic1-11-WIN,Lightroom,CONS,HIGH,3,3,5,5,IC JO CC DM Redesign,68,68 IC JO CC DM Redesign HIGH,TG8SLF3R,0,0,1,TRUE
400,LightroomClassic1-11-WIN,Lightroom,CONS,LOW,3,3,5,5,IC JO CC DM Redesign,68,68 IC JO CC DM Redesign LOW,TG8SLF3R,0,0,1,TRUE
400,LightroomClassic1-11-WIN,Lightroom,CONS,MID,3,3,5,5,IC JO CC DM Redesign,68,68 IC JO CC DM Redesign MID,TG8SLF3R,0,0,1,TRUE
400,LightroomClassic1-11-WIN,Lightroom,CONS,NO USAGE,3,3,5,5,IC JO CC DM Redesign,68,68 IC JO CC DM Redesign NO USAGE,TG8SLF3R,0,0,1,TRUE
400,Photoshop1-23-WIN,Photoshop,CONS,HIGH,3,3,7,7,IC JO CC DM Redesign,17,17 IC JO CC DM Redesign HIGH,7WQ45YNG,0,0,1,TRUE
400,Photoshop1-23-WIN,Photoshop,CONS,LOW,3,3,7,7,IC JO CC DM Redesign,17,17 IC JO CC DM Redesign LOW,7WQ45YNG,0,0,1,TRUE
400,Photoshop1-23-WIN,Photoshop,CONS,MID,3,3,7,7,IC JO CC DM Redesign,17,17 IC JO CC DM Redesign MID,7WQ45YNG,0,0,1,TRUE
400,Photoshop1-23-WIN,Photoshop,CONS,NO USAGE,3,3,7,7,IC JO CC DM Redesign,17,17 IC JO CC DM Redesign NO USAGE,7WQ45YNG,0,0,1,TRUE
410,Illustrator1-26-OSX,Illustrator,CONS,HIGH,3,3,3,3,IC KR CC DM Redesign,41,41 IC KR CC DM Redesign HIGH,BWBX2Z1N,0,0,1,TRUE
410,Illustrator1-26-OSX,Illustrator,CONS,LOW,3,3,3,3,IC KR CC DM Redesign,41,41 IC KR CC DM Redesign LOW,BWBX2Z1N,0,0,1,TRUE
410,Illustrator1-26-OSX,Illustrator,CONS,MID,3,3,3,3,IC KR CC DM Redesign,41,41 IC KR CC DM Redesign MID,BWBX2Z1N,0,0,1,TRUE
410,Illustrator1-26-OSX,Illustrator,CONS,NO USAGE,3,3,3,3,IC KR CC DM Redesign,41,41 IC KR CC DM Redesign NO USAGE,BWBX2Z1N,0,0,1,TRUE
410,Illustrator1-26-WIN,Illustrator,CONS,HIGH,3,3,3,3,IC KR CC DM Redesign,41,41 IC KR CC DM Redesign HIGH,BWBX2Z1N,0,0,1,TRUE
410,Illustrator1-26-WIN,Illustrator,CONS,LOW,3,3,3,3,IC KR CC DM Redesign,41,41 IC KR CC DM Redesign LOW,BWBX2Z1N,0,0,1,TRUE
410,Illustrator1-26-WIN,Illustrator,CONS,MID,3,3,3,3,IC KR CC DM Redesign,41,41 IC KR CC DM Redesign MID,BWBX2Z1N,0,0,1,TRUE
410,Illustrator1-26-WIN,Illustrator,CONS,NO USAGE,3,3,3,3,IC KR CC DM Redesign,41,41 IC KR CC DM Redesign NO USAGE,BWBX2Z1N,0,0,1,TRUE
410,LightroomClassic1-11-OSX,Lightroom,CONS,HIGH,3,3,5,5,IC KR CC DM Redesign,69,69 IC KR CC DM Redesign HIGH,TKZTL9CQ,0,0,1,TRUE
410,LightroomClassic1-11-OSX,Lightroom,CONS,LOW,3,3,5,5,IC KR CC DM Redesign,69,69 IC KR CC DM Redesign LOW,TKZTL9CQ,0,0,1,TRUE
410,LightroomClassic1-11-OSX,Lightroom,CONS,MID,3,3,5,5,IC KR CC DM Redesign,69,69 IC KR CC DM Redesign MID,TKZTL9CQ,0,0,1,TRUE
410,LightroomClassic1-11-OSX,Lightroom,CONS,NO USAGE,3,3,5,5,IC KR CC DM Redesign,69,69 IC KR CC DM Redesign NO USAGE,TKZTL9CQ,0,0,1,TRUE
410,LightroomClassic1-11-WIN,Lightroom,CONS,HIGH,3,3,5,5,IC KR CC DM Redesign,69,69 IC KR CC DM Redesign HIGH,TKZTL9CQ,0,0,1,TRUE
410,LightroomClassic1-11-WIN,Lightroom,CONS,LOW,3,3,5,5,IC KR CC DM Redesign,69,69 IC KR CC DM Redesign LOW,TKZTL9CQ,0,0,1,TRUE
410,LightroomClassic1-11-WIN,Lightroom,CONS,MID,3,3,5,5,IC KR CC DM Redesign,69,69 IC KR CC DM Redesign MID,TKZTL9CQ,0,0,1,TRUE
410,LightroomClassic1-11-WIN,Lightroom,CONS,NO USAGE,3,3,5,5,IC KR CC DM Redesign,69,69 IC KR CC DM Redesign NO USAGE,TKZTL9CQ,0,0,1,TRUE
410,Photoshop1-23-WIN,Photoshop,CONS,HIGH,3,3,7,7,IC KR CC DM Redesign,18,18 IC KR CC DM Redesign HIGH,81G55TXF,0,0,1,TRUE
410,Photoshop1-23-WIN,Photoshop,CONS,LOW,3,3,7,7,IC KR CC DM Redesign,18,18 IC KR CC DM Redesign LOW,81G55TXF,0,0,1,TRUE
410,Photoshop1-23-WIN,Photoshop,CONS,MID,3,3,7,7,IC KR CC DM Redesign,18,18 IC KR CC DM Redesign MID,81G55TXF,0,0,1,TRUE
410,Photoshop1-23-WIN,Photoshop,CONS,NO USAGE,3,3,7,7,IC KR CC DM Redesign,18,18 IC KR CC DM Redesign NO USAGE,81G55TXF,0,0,1,TRUE
414,Illustrator1-26-OSX,Illustrator,CONS,HIGH,3,3,3,3,IC KW CC DM Redesign,42,42 IC KW CC DM Redesign HIGH,C12Y2V9M,0,0,1,TRUE
414,Illustrator1-26-OSX,Illustrator,CONS,LOW,3,3,3,3,IC KW CC DM Redesign,42,42 IC KW CC DM Redesign LOW,C12Y2V9M,0,0,1,TRUE
414,Illustrator1-26-OSX,Illustrator,CONS,MID,3,3,3,3,IC KW CC DM Redesign,42,42 IC KW CC DM Redesign MID,C12Y2V9M,0,0,1,TRUE
414,Illustrator1-26-OSX,Illustrator,CONS,NO USAGE,3,3,3,3,IC KW CC DM Redesign,42,42 IC KW CC DM Redesign NO USAGE,C12Y2V9M,0,0,1,TRUE
414,Illustrator1-26-WIN,Illustrator,CONS,HIGH,3,3,3,3,IC KW CC DM Redesign,42,42 IC KW CC DM Redesign HIGH,C12Y2V9M,0,0,1,TRUE
414,Illustrator1-26-WIN,Illustrator,CONS,LOW,3,3,3,3,IC KW CC DM Redesign,42,42 IC KW CC DM Redesign LOW,C12Y2V9M,0,0,1,TRUE
414,Illustrator1-26-WIN,Illustrator,CONS,MID,3,3,3,3,IC KW CC DM Redesign,42,42 IC KW CC DM Redesign MID,C12Y2V9M,0,0,1,TRUE
414,Illustrator1-26-WIN,Illustrator,CONS,NO USAGE,3,3,3,3,IC KW CC DM Redesign,42,42 IC KW CC DM Redesign NO USAGE,C12Y2V9M,0,0,1,TRUE
414,LightroomClassic1-11-OSX,Lightroom,CONS,HIGH,3,3,5,5,IC KW CC DM Redesign,70,70 IC KW CC DM Redesign HIGH,TPQVL5MP,0,0,1,TRUE
414,LightroomClassic1-11-OSX,Lightroom,CONS,LOW,3,3,5,5,IC KW CC DM Redesign,70,70 IC KW CC DM Redesign LOW,TPQVL5MP,0,0,1,TRUE
414,LightroomClassic1-11-OSX,Lightroom,CONS,MID,3,3,5,5,IC KW CC DM Redesign,70,70 IC KW CC DM Redesign MID,TPQVL5MP,0,0,1,TRUE
414,LightroomClassic1-11-OSX,Lightroom,CONS,NO USAGE,3,3,5,5,IC KW CC DM Redesign,70,70 IC KW CC DM Redesign NO USAGE,TPQVL5MP,0,0,1,TRUE
414,LightroomClassic1-11-WIN,Lightroom,CONS,HIGH,3,3,5,5,IC KW CC DM Redesign,70,70 IC KW CC DM Redesign HIGH,TPQVL5MP,0,0,1,TRUE
414,LightroomClassic1-11-WIN,Lightroom,CONS,LOW,3,3,5,5,IC KW CC DM Redesign,70,70 IC KW CC DM Redesign LOW,TPQVL5MP,0,0,1,TRUE
414,LightroomClassic1-11-WIN,Lightroom,CONS,MID,3,3,5,5,IC KW CC DM Redesign,70,70 IC KW CC DM Redesign MID,TPQVL5MP,0,0,1,TRUE
414,LightroomClassic1-11-WIN,Lightroom,CONS,NO USAGE,3,3,5,5,IC KW CC DM Redesign,70,70 IC KW CC DM Redesign NO USAGE,TPQVL5MP,0,0,1,TRUE
414,Photoshop1-23-WIN,Photoshop,CONS,HIGH,3,3,7,7,IC KW CC DM Redesign,19,19 IC KW CC DM Redesign HIGH,85665Q6D,0,0,1,TRUE
414,Photoshop1-23-WIN,Photoshop,CONS,LOW,3,3,7,7,IC KW CC DM Redesign,19,19 IC KW CC DM Redesign LOW,85665Q6D,0,0,1,TRUE
414,Photoshop1-23-WIN,Photoshop,CONS,MID,3,3,7,7,IC KW CC DM Redesign,19,19 IC KW CC DM Redesign MID,85665Q6D,0,0,1,TRUE
414,Photoshop1-23-WIN,Photoshop,CONS,NO USAGE,3,3,7,7,IC KW CC DM Redesign,19,19 IC KW CC DM Redesign NO USAGE,85665Q6D,0,0,1,TRUE
422,Illustrator1-26-OSX,Illustrator,CONS,HIGH,3,3,3,3,IC LB CC DM Redesign,43,43 IC LB CC DM Redesign HIGH,C4SZ2QKL,0,0,1,TRUE
422,Illustrator1-26-OSX,Illustrator,CONS,LOW,3,3,3,3,IC LB CC DM Redesign,43,43 IC LB CC DM Redesign LOW,C4SZ2QKL,0,0,1,TRUE
422,Illustrator1-26-OSX,Illustrator,CONS,MID,3,3,3,3,IC LB CC DM Redesign,43,43 IC LB CC DM Redesign MID,C4SZ2QKL,0,0,1,TRUE
422,Illustrator1-26-OSX,Illustrator,CONS,NO USAGE,3,3,3,3,IC LB CC DM Redesign,43,43 IC LB CC DM Redesign NO USAGE,C4SZ2QKL,0,0,1,TRUE
422,Illustrator1-26-WIN,Illustrator,CONS,HIGH,3,3,3,3,IC LB CC DM Redesign,43,43 IC LB CC DM Redesign HIGH,C4SZ2QKL,0,0,1,TRUE
422,Illustrator1-26-WIN,Illustrator,CONS,LOW,3,3,3,3,IC LB CC DM Redesign,43,43 IC LB CC DM Redesign LOW,C4SZ2QKL,0,0,1,TRUE
422,Illustrator1-26-WIN,Illustrator,CONS,MID,3,3,3,3,IC LB CC DM Redesign,43,43 IC LB CC DM Redesign MID,C4SZ2QKL,0,0,1,TRUE
422,Illustrator1-26-WIN,Illustrator,CONS,NO USAGE,3,3,3,3,IC LB CC DM Redesign,43,43 IC LB CC DM Redesign NO USAGE,C4SZ2QKL,0,0,1,TRUE
422,LightroomClassic1-11-OSX,Lightroom,CONS,HIGH,3,3,5,5,IC LB CC DM Redesign,71,71 IC LB CC DM Redesign HIGH,TTGWL1WN,0,0,1,TRUE
422,LightroomClassic1-11-OSX,Lightroom,CONS,LOW,3,3,5,5,IC LB CC DM Redesign,71,71 IC LB CC DM Redesign LOW,TTGWL1WN,0,0,1,TRUE
422,LightroomClassic1-11-OSX,Lightroom,CONS,MID,3,3,5,5,IC LB CC DM Redesign,71,71 IC LB CC DM Redesign MID,TTGWL1WN,0,0,1,TRUE
422,LightroomClassic1-11-OSX,Lightroom,CONS,NO USAGE,3,3,5,5,IC LB CC DM Redesign,71,71 IC LB CC DM Redesign NO USAGE,TTGWL1WN,0,0,1,TRUE
422,LightroomClassic1-11-WIN,Lightroom,CONS,HIGH,3,3,5,5,IC LB CC DM Redesign,71,71 IC LB CC DM Redesign HIGH,TTGWL1WN,0,0,1,TRUE
422,LightroomClassic1-11-WIN,Lightroom,CONS,LOW,3,3,5,5,IC LB CC DM Redesign,71,71 IC LB CC DM Redesign LOW,TTGWL1WN,0,0,1,TRUE
422,LightroomClassic1-11-WIN,Lightroom,CONS,MID,3,3,5,5,IC LB CC DM Redesign,71,71 IC LB CC DM Redesign MID,TTGWL1WN,0,0,1,TRUE
422,LightroomClassic1-11-WIN,Lightroom,CONS,NO USAGE,3,3,5,5,IC LB CC DM Redesign,71,71 IC LB CC DM Redesign NO USAGE,TTGWL1WN,0,0,1,TRUE
422,Photoshop1-23-WIN,Photoshop,CONS,HIGH,3,3,7,7,IC LB CC DM Redesign,20,20 IC LB CC DM Redesign HIGH,88X75LGC,0,0,1,TRUE
422,Photoshop1-23-WIN,Photoshop,CONS,LOW,3,3,7,7,IC LB CC DM Redesign,20,20 IC LB CC DM Redesign LOW,88X75LGC,0,0,1,TRUE
422,Photoshop1-23-WIN,Photoshop,CONS,MID,3,3,7,7,IC LB CC DM Redesign,20,20 IC LB CC DM Redesign MID,88X75LGC,0,0,1,TRUE
422,Photoshop1-23-WIN,Photoshop,CONS,NO USAGE,3,3,7,7,IC LB CC DM Redesign,20,20 IC LB CC DM Redesign NO USAGE,88X75LGC,0,0,1,TRUE
48,Illustrator1-26-OSX,Illustrator,CONS,HIGH,3,3,3,3,IC BH CC DM Redesign,35,35 IC BH CC DM Redesign HIGH,B4XQ3QFV,0,0,1,TRUE
48,Illustrator1-26-OSX,Illustrator,CONS,LOW,3,3,3,3,IC BH CC DM Redesign,35,35 IC BH CC DM Redesign LOW,B4XQ3QFV,0,0,1,TRUE
48,Illustrator1-26-OSX,Illustrator,CONS,MID,3,3,3,3,IC BH CC DM Redesign,35,35 IC BH CC DM Redesign MID,B4XQ3QFV,0,0,1,TRUE
48,Illustrator1-26-OSX,Illustrator,CONS,NO USAGE,3,3,3,3,IC BH CC DM Redesign,35,35 IC BH CC DM Redesign NO USAGE,B4XQ3QFV,0,0,1,TRUE
48,Illustrator1-26-WIN,Illustrator,CONS,HIGH,3,3,3,3,IC BH CC DM Redesign,35,35 IC BH CC DM Redesign HIGH,B4XQ3QFV,0,0,1,TRUE
48,Illustrator1-26-WIN,Illustrator,CONS,LOW,3,3,3,3,IC BH CC DM Redesign,35,35 IC BH CC DM Redesign LOW,B4XQ3QFV,0,0,1,TRUE
48,Illustrator1-26-WIN,Illustrator,CONS,MID,3,3,3,3,IC BH CC DM Redesign,35,35 IC BH CC DM Redesign MID,B4XQ3QFV,0,0,1,TRUE
48,Illustrator1-26-WIN,Illustrator,CONS,NO USAGE,3,3,3,3,IC BH CC DM Redesign,35,35 IC BH CC DM Redesign NO USAGE,B4XQ3QFV,0,0,1,TRUE
48,LightroomClassic1-11-OSX,Lightroom,CONS,HIGH,3,3,5,5,IC BH CC DM Redesign,63,63 IC BH CC DM Redesign HIGH,FMHMZ7VX,0,0,1,TRUE
48,LightroomClassic1-11-OSX,Lightroom,CONS,LOW,3,3,5,5,IC BH CC DM Redesign,63,63 IC BH CC DM Redesign LOW,FMHMZ7VX,0,0,1,TRUE
48,LightroomClassic1-11-OSX,Lightroom,CONS,MID,3,3,5,5,IC BH CC DM Redesign,63,63 IC BH CC DM Redesign MID,FMHMZ7VX,0,0,1,TRUE
48,LightroomClassic1-11-OSX,Lightroom,CONS,NO USAGE,3,3,5,5,IC BH CC DM Redesign,63,63 IC BH CC DM Redesign NO USAGE,FMHMZ7VX,0,0,1,TRUE
48,LightroomClassic1-11-WIN,Lightroom,CONS,HIGH,3,3,5,5,IC BH CC DM Redesign,63,63 IC BH CC DM Redesign HIGH,FMHMZ7VX,0,0,1,TRUE
48,LightroomClassic1-11-WIN,Lightroom,CONS,LOW,3,3,5,5,IC BH CC DM Redesign,63,63 IC BH CC DM Redesign LOW,FMHMZ7VX,0,0,1,TRUE
48,LightroomClassic1-11-WIN,Lightroom,CONS,MID,3,3,5,5,IC BH CC DM Redesign,63,63 IC BH CC DM Redesign MID,FMHMZ7VX,0,0,1,TRUE
48,LightroomClassic1-11-WIN,Lightroom,CONS,NO USAGE,3,3,5,5,IC BH CC DM Redesign,63,63 IC BH CC DM Redesign NO USAGE,FMHMZ7VX,0,0,1,TRUE
48,Photoshop1-23-WIN,Photoshop,CONS,HIGH,3,3,7,7,IC BH CC DM Redesign,13,13 IC BH CC DM Redesign HIGH,7DRZ6GLL,0,0,1,TRUE
48,Photoshop1-23-WIN,Photoshop,CONS,LOW,3,3,7,7,IC BH CC DM Redesign,13,13 IC BH CC DM Redesign LOW,7DRZ6GLL,0,0,1,TRUE
48,Photoshop1-23-WIN,Photoshop,CONS,MID,3,3,7,7,IC BH CC DM Redesign,13,13 IC BH CC DM Redesign MID,7DRZ6GLL,0,0,1,TRUE
48,Photoshop1-23-WIN,Photoshop,CONS,NO USAGE,3,3,7,7,IC BH CC DM Redesign,13,13 IC BH CC DM Redesign NO USAGE,7DRZ6GLL,0,0,1,TRUE
484,Illustrator1-26-OSX,Illustrator,CONS,HIGH,3,3,3,3,IC MX CC DM Redesign,44,44 IC MX CC DM Redesign HIGH,C8K12LTK,0,0,1,TRUE
484,Illustrator1-26-OSX,Illustrator,CONS,LOW,3,3,3,3,IC MX CC DM Redesign,44,44 IC MX CC DM Redesign LOW,C8K12LTK,0,0,1,TRUE
484,Illustrator1-26-OSX,Illustrator,CONS,MID,3,3,3,3,IC MX CC DM Redesign,44,44 IC MX CC DM Redesign MID,C8K12LTK,0,0,1,TRUE
484,Illustrator1-26-OSX,Illustrator,CONS,NO USAGE,3,3,3,3,IC MX CC DM Redesign,44,44 IC MX CC DM Redesign NO USAGE,C8K12LTK,0,0,1,TRUE
484,Illustrator1-26-WIN,Illustrator,CONS,HIGH,3,3,3,3,IC MX CC DM Redesign,44,44 IC MX CC DM Redesign HIGH,C8K12LTK,0,0,1,TRUE
484,Illustrator1-26-WIN,Illustrator,CONS,LOW,3,3,3,3,IC MX CC DM Redesign,44,44 IC MX CC DM Redesign LOW,C8K12LTK,0,0,1,TRUE
484,Illustrator1-26-WIN,Illustrator,CONS,MID,3,3,3,3,IC MX CC DM Redesign,44,44 IC MX CC DM Redesign MID,C8K12LTK,0,0,1,TRUE
484,Illustrator1-26-WIN,Illustrator,CONS,NO USAGE,3,3,3,3,IC MX CC DM Redesign,44,44 IC MX CC DM Redesign NO USAGE,C8K12LTK,0,0,1,TRUE
484,LightroomClassic1-11-OSX,Lightroom,CONS,HIGH,3,3,5,5,IC MX CC DM Redesign,72,72 IC MX CC DM Redesign HIGH,TY6XKX5M,0,0,1,TRUE
484,LightroomClassic1-11-OSX,Lightroom,CONS,LOW,3,3,5,5,IC MX CC DM Redesign,72,72 IC MX CC DM Redesign LOW,TY6XKX5M,0,0,1,TRUE
484,LightroomClassic1-11-OSX,Lightroom,CONS,MID,3,3,5,5,IC MX CC DM Redesign,72,72 IC MX CC DM Redesign MID,TY6XKX5M,0,0,1,TRUE
484,LightroomClassic1-11-OSX,Lightroom,CONS,NO USAGE,3,3,5,5,IC MX CC DM Redesign,72,72 IC MX CC DM Redesign NO USAGE,TY6XKX5M,0,0,1,TRUE
484,LightroomClassic1-11-WIN,Lightroom,CONS,HIGH,3,3,5,5,IC MX CC DM Redesign,72,72 IC MX CC DM Redesign HIGH,TY6XKX5M,0,0,1,TRUE
484,LightroomClassic1-11-WIN,Lightroom,CONS,LOW,3,3,5,5,IC MX CC DM Redesign,72,72 IC MX CC DM Redesign LOW,TY6XKX5M,0,0,1,TRUE
484,LightroomClassic1-11-WIN,Lightroom,CONS,MID,3,3,5,5,IC MX CC DM Redesign,72,72 IC MX CC DM Redesign MID,TY6XKX5M,0,0,1,TRUE
484,LightroomClassic1-11-WIN,Lightroom,CONS,NO USAGE,3,3,5,5,IC MX CC DM Redesign,72,72 IC MX CC DM Redesign NO USAGE,TY6XKX5M,0,0,1,TRUE
484,Photoshop1-23-WIN,Photoshop,CONS,HIGH,3,3,7,7,IC MX CC DM Redesign,21,21 IC MX CC DM Redesign HIGH,8DN85GQB,0,0,1,TRUE
484,Photoshop1-23-WIN,Photoshop,CONS,LOW,3,3,7,7,IC MX CC DM Redesign,21,21 IC MX CC DM Redesign LOW,8DN85GQB,0,0,1,TRUE
484,Photoshop1-23-WIN,Photoshop,CONS,MID,3,3,7,7,IC MX CC DM Redesign,21,21 IC MX CC DM Redesign MID,8DN85GQB,0,0,1,TRUE
484,Photoshop1-23-WIN,Photoshop,CONS,NO USAGE,3,3,7,7,IC MX CC DM Redesign,21,21 IC MX CC DM Redesign NO USAGE,8DN85GQB,0,0,1,TRUE
504,Illustrator1-26-OSX,Illustrator,CONS,HIGH,3,3,3,3,IC MA CC DM Redesign,45,45 IC MA CC DM Redesign HIGH,CD922H3J,0,0,1,TRUE
504,Illustrator1-26-OSX,Illustrator,CONS,LOW,3,3,3,3,IC MA CC DM Redesign,45,45 IC MA CC DM Redesign LOW,CD922H3J,0,0,1,TRUE
504,Illustrator1-26-OSX,Illustrator,CONS,MID,3,3,3,3,IC MA CC DM Redesign,45,45 IC MA CC DM Redesign MID,CD922H3J,0,0,1,TRUE
504,Illustrator1-26-OSX,Illustrator,CONS,NO USAGE,3,3,3,3,IC MA CC DM Redesign,45,45 IC MA CC DM Redesign NO USAGE,CD922H3J,0,0,1,TRUE
504,Illustrator1-26-WIN,Illustrator,CONS,HIGH,3,3,3,3,IC MA CC DM Redesign,45,45 IC MA CC DM Redesign HIGH,CD922H3J,0,0,1,TRUE
504,Illustrator1-26-WIN,Illustrator,CONS,LOW,3,3,3,3,IC MA CC DM Redesign,45,45 IC MA CC DM Redesign LOW,CD922H3J,0,0,1,TRUE
504,Illustrator1-26-WIN,Illustrator,CONS,MID,3,3,3,3,IC MA CC DM Redesign,45,45 IC MA CC DM Redesign MID,CD922H3J,0,0,1,TRUE
504,Illustrator1-26-WIN,Illustrator,CONS,NO USAGE,3,3,3,3,IC MA CC DM Redesign,45,45 IC MA CC DM Redesign NO USAGE,CD922H3J,0,0,1,TRUE
504,LightroomClassic1-11-OSX,Lightroom,CONS,HIGH,3,3,5,5,IC MA CC DM Redesign,73,73 IC MA CC DM Redesign HIGH,V2XYKSFL,0,0,1,TRUE
504,LightroomClassic1-11-OSX,Lightroom,CONS,LOW,3,3,5,5,IC MA CC DM Redesign,73,73 IC MA CC DM Redesign LOW,V2XYKSFL,0,0,1,TRUE
504,LightroomClassic1-11-OSX,Lightroom,CONS,MID,3,3,5,5,IC MA CC DM Redesign,73,73 IC MA CC DM Redesign MID,V2XYKSFL,0,0,1,TRUE
504,LightroomClassic1-11-OSX,Lightroom,CONS,NO USAGE,3,3,5,5,IC MA CC DM Redesign,73,73 IC MA CC DM Redesign NO USAGE,V2XYKSFL,0,0,1,TRUE
504,LightroomClassic1-11-WIN,Lightroom,CONS,HIGH,3,3,5,5,IC MA CC DM Redesign,73,73 IC MA CC DM Redesign HIGH,V2XYKSFL,0,0,1,TRUE
504,LightroomClassic1-11-WIN,Lightroom,CONS,LOW,3,3,5,5,IC MA CC DM Redesign,73,73 IC MA CC DM Redesign LOW,V2XYKSFL,0,0,1,TRUE
504,LightroomClassic1-11-WIN,Lightroom,CONS,MID,3,3,5,5,IC MA CC DM Redesign,73,73 IC MA CC DM Redesign MID,V2XYKSFL,0,0,1,TRUE
504,LightroomClassic1-11-WIN,Lightroom,CONS,NO USAGE,3,3,5,5,IC MA CC DM Redesign,73,73 IC MA CC DM Redesign NO USAGE,V2XYKSFL,0,0,1,TRUE
504,Photoshop1-23-WIN,Photoshop,CONS,HIGH,3,3,7,7,IC MA CC DM Redesign,22,22 IC MA CC DM Redesign HIGH,8JD95BZ9,0,0,1,TRUE
504,Photoshop1-23-WIN,Photoshop,CONS,LOW,3,3,7,7,IC MA CC DM Redesign,22,22 IC MA CC DM Redesign LOW,8JD95BZ9,0,0,1,TRUE
504,Photoshop1-23-WIN,Photoshop,CONS,MID,3,3,7,7,IC MA CC DM Redesign,22,22 IC MA CC DM Redesign MID,8JD95BZ9,0,0,1,TRUE
504,Photoshop1-23-WIN,Photoshop,CONS,NO USAGE,3,3,7,7,IC MA CC DM Redesign,22,22 IC MA CC DM Redesign NO USAGE,8JD95BZ9,0,0,1,TRUE
512,Illustrator1-26-OSX,Illustrator,CONS,HIGH,3,3,3,3,IC OM CC DM Redesign,46,46 IC OM CC DM Redesign HIGH,CJ132CCH,0,0,1,TRUE
512,Illustrator1-26-OSX,Illustrator,CONS,LOW,3,3,3,3,IC OM CC DM Redesign,46,46 IC OM CC DM Redesign LOW,CJ132CCH,0,0,1,TRUE
512,Illustrator1-26-OSX,Illustrator,CONS,MID,3,3,3,3,IC OM CC DM Redesign,46,46 IC OM CC DM Redesign MID,CJ132CCH,0,0,1,TRUE
512,Illustrator1-26-OSX,Illustrator,CONS,NO USAGE,3,3,3,3,IC OM CC DM Redesign,46,46 IC OM CC DM Redesign NO USAGE,CJ132CCH,0,0,1,TRUE
512,Illustrator1-26-WIN,Illustrator,CONS,HIGH,3,3,3,3,IC OM CC DM Redesign,46,46 IC OM CC DM Redesign HIGH,CJ132CCH,0,0,1,TRUE
512,Illustrator1-26-WIN,Illustrator,CONS,LOW,3,3,3,3,IC OM CC DM Redesign,46,46 IC OM CC DM Redesign LOW,CJ132CCH,0,0,1,TRUE
512,Illustrator1-26-WIN,Illustrator,CONS,MID,3,3,3,3,IC OM CC DM Redesign,46,46 IC OM CC DM Redesign MID,CJ132CCH,0,0,1,TRUE
512,Illustrator1-26-WIN,Illustrator,CONS,NO USAGE,3,3,3,3,IC OM CC DM Redesign,46,46 IC OM CC DM Redesign NO USAGE,CJ132CCH,0,0,1,TRUE
512,LightroomClassic1-11-OSX,Lightroom,CONS,HIGH,3,3,5,5,IC OM CC DM Redesign,74,74 IC OM CC DM Redesign HIGH,V6NZKNPK,0,0,1,TRUE
512,LightroomClassic1-11-OSX,Lightroom,CONS,LOW,3,3,5,5,IC OM CC DM Redesign,74,74 IC OM CC DM Redesign LOW,V6NZKNPK,0,0,1,TRUE
512,LightroomClassic1-11-OSX,Lightroom,CONS,MID,3,3,5,5,IC OM CC DM Redesign,74,74 IC OM CC DM Redesign MID,V6NZKNPK,0,0,1,TRUE
512,LightroomClassic1-11-OSX,Lightroom,CONS,NO USAGE,3,3,5,5,IC OM CC DM Redesign,74,74 IC OM CC DM Redesign NO USAGE,V6NZKNPK,0,0,1,TRUE
512,LightroomClassic1-11-WIN,Lightroom,CONS,HIGH,3,3,5,5,IC OM CC DM Redesign,74,74 IC OM CC DM Redesign HIGH,V6NZKNPK,0,0,1,TRUE
512,LightroomClassic1-11-WIN,Lightroom,CONS,LOW,3,3,5,5,IC OM CC DM Redesign,74,74 IC OM CC DM Redesign LOW,V6NZKNPK,0,0,1,TRUE
512,LightroomClassic1-11-WIN,Lightroom,CONS,MID,3,3,5,5,IC OM CC DM Redesign,74,74 IC OM CC DM Redesign MID,V6NZKNPK,0,0,1,TRUE
512,LightroomClassic1-11-WIN,Lightroom,CONS,NO USAGE,3,3,5,5,IC OM CC DM Redesign,74,74 IC OM CC DM Redesign NO USAGE,V6NZKNPK,0,0,1,TRUE
512,Photoshop1-23-WIN,Photoshop,CONS,HIGH,3,3,7,7,IC OM CC DM Redesign,23,23 IC OM CC DM Redesign HIGH,8N4B5788,0,0,1,TRUE
512,Photoshop1-23-WIN,Photoshop,CONS,LOW,3,3,7,7,IC OM CC DM Redesign,23,23 IC OM CC DM Redesign LOW,8N4B5788,0,0,1,TRUE
512,Photoshop1-23-WIN,Photoshop,CONS,MID,3,3,7,7,IC OM CC DM Redesign,23,23 IC OM CC DM Redesign MID,8N4B5788,0,0,1,TRUE
512,Photoshop1-23-WIN,Photoshop,CONS,NO USAGE,3,3,7,7,IC OM CC DM Redesign,23,23 IC OM CC DM Redesign NO USAGE,8N4B5788,0,0,1,TRUE
634,Illustrator1-26-OSX,Illustrator,CONS,HIGH,3,3,3,3,IC QA CC DM Redesign,47,47 IC QA CC DM Redesign HIGH,CMR427MG,0,0,1,TRUE
634,Illustrator1-26-OSX,Illustrator,CONS,LOW,3,3,3,3,IC QA CC DM Redesign,47,47 IC QA CC DM Redesign LOW,CMR427MG,0,0,1,TRUE
634,Illustrator1-26-OSX,Illustrator,CONS,MID,3,3,3,3,IC QA CC DM Redesign,47,47 IC QA CC DM Redesign MID,CMR427MG,0,0,1,TRUE
634,Illustrator1-26-OSX,Illustrator,CONS,NO USAGE,3,3,3,3,IC QA CC DM Redesign,47,47 IC QA CC DM Redesign NO USAGE,CMR427MG,0,0,1,TRUE
634,Illustrator1-26-WIN,Illustrator,CONS,HIGH,3,3,3,3,IC QA CC DM Redesign,47,47 IC QA CC DM Redesign HIGH,CMR427MG,0,0,1,TRUE
634,Illustrator1-26-WIN,Illustrator,CONS,LOW,3,3,3,3,IC QA CC DM Redesign,47,47 IC QA CC DM Redesign LOW,CMR427MG,0,0,1,TRUE
634,Illustrator1-26-WIN,Illustrator,CONS,MID,3,3,3,3,IC QA CC DM Redesign,47,47 IC QA CC DM Redesign MID,CMR427MG,0,0,1,TRUE
634,Illustrator1-26-WIN,Illustrator,CONS,NO USAGE,3,3,3,3,IC QA CC DM Redesign,47,47 IC QA CC DM Redesign NO USAGE,CMR427MG,0,0,1,TRUE
634,LightroomClassic1-11-OSX,Lightroom,CONS,HIGH,3,3,5,5,IC QA CC DM Redesign,75,75 IC QA CC DM Redesign HIGH,VBF1KJYJ,0,0,1,TRUE
634,LightroomClassic1-11-OSX,Lightroom,CONS,LOW,3,3,5,5,IC QA CC DM Redesign,75,75 IC QA CC DM Redesign LOW,VBF1KJYJ,0,0,1,TRUE
634,LightroomClassic1-11-OSX,Lightroom,CONS,MID,3,3,5,5,IC QA CC DM Redesign,75,75 IC QA CC DM Redesign MID,VBF1KJYJ,0,0,1,TRUE
634,LightroomClassic1-11-OSX,Lightroom,CONS,NO USAGE,3,3,5,5,IC QA CC DM Redesign,75,75 IC QA CC DM Redesign NO USAGE,VBF1KJYJ,0,0,1,TRUE
634,LightroomClassic1-11-WIN,Lightroom,CONS,HIGH,3,3,5,5,IC QA CC DM Redesign,75,75 IC QA CC DM Redesign HIGH,VBF1KJYJ,0,0,1,TRUE
634,LightroomClassic1-11-WIN,Lightroom,CONS,LOW,3,3,5,5,IC QA CC DM Redesign,75,75 IC QA CC DM Redesign LOW,VBF1KJYJ,0,0,1,TRUE
634,LightroomClassic1-11-WIN,Lightroom,CONS,MID,3,3,5,5,IC QA CC DM Redesign,75,75 IC QA CC DM Redesign MID,VBF1KJYJ,0,0,1,TRUE
634,LightroomClassic1-11-WIN,Lightroom,CONS,NO USAGE,3,3,5,5,IC QA CC DM Redesign,75,75 IC QA CC DM Redesign NO USAGE,VBF1KJYJ,0,0,1,TRUE
634,Photoshop1-23-WIN,Photoshop,CONS,HIGH,3,3,7,7,IC QA CC DM Redesign,24,24 IC QA CC DM Redesign HIGH,8RVC53J7,0,0,1,TRUE
634,Photoshop1-23-WIN,Photoshop,CONS,LOW,3,3,7,7,IC QA CC DM Redesign,24,24 IC QA CC DM Redesign LOW,8RVC53J7,0,0,1,TRUE
634,Photoshop1-23-WIN,Photoshop,CONS,MID,3,3,7,7,IC QA CC DM Redesign,24,24 IC QA CC DM Redesign MID,8RVC53J7,0,0,1,TRUE
634,Photoshop1-23-WIN,Photoshop,CONS,NO USAGE,3,3,7,7,IC QA CC DM Redesign,24,24 IC QA CC DM Redesign NO USAGE,8RVC53J7,0,0,1,TRUE
682,Illustrator1-26-OSX,Illustrator,CONS,HIGH,3,3,3,3,IC SA CC DM Redesign,48,48 IC SA CC DM Redesign HIGH,CRH523WF,0,0,1,TRUE
682,Illustrator1-26-OSX,Illustrator,CONS,LOW,3,3,3,3,IC SA CC DM Redesign,48,48 IC SA CC DM Redesign LOW,CRH523WF,0,0,1,TRUE
682,Illustrator1-26-OSX,Illustrator,CONS,MID,3,3,3,3,IC SA CC DM Redesign,48,48 IC SA CC DM Redesign MID,CRH523WF,0,0,1,TRUE
682,Illustrator1-26-OSX,Illustrator,CONS,NO USAGE,3,3,3,3,IC SA CC DM Redesign,48,48 IC SA CC DM Redesign NO USAGE,CRH523WF,0,0,1,TRUE
682,Illustrator1-26-WIN,Illustrator,CONS,HIGH,3,3,3,3,IC SA CC DM Redesign,48,48 IC SA CC DM Redesign HIGH,CRH523WF,0,0,1,TRUE
682,Illustrator1-26-WIN,Illustrator,CONS,LOW,3,3,3,3,IC SA CC DM Redesign,48,48 IC SA CC DM Redesign LOW,CRH523WF,0,0,1,TRUE
682,Illustrator1-26-WIN,Illustrator,CONS,MID,3,3,3,3,IC SA CC DM Redesign,48,48 IC SA CC DM Redesign MID,CRH523WF,0,0,1,TRUE
682,Illustrator1-26-WIN,Illustrator,CONS,NO USAGE,3,3,3,3,IC SA CC DM Redesign,48,48 IC SA CC DM Redesign NO USAGE,CRH523WF,0,0,1,TRUE
682,LightroomClassic1-11-OSX,Lightroom,CONS,HIGH,3,3,5,5,IC SA CC DM Redesign,76,76 IC SA CC DM Redesign HIGH,VG52KF7H,0,0,1,TRUE
682,LightroomClassic1-11-OSX,Lightroom,CONS,LOW,3,3,5,5,IC SA CC DM Redesign,76,76 IC SA CC DM Redesign LOW,VG52KF7H,0,0,1,TRUE
682,LightroomClassic1-11-OSX,Lightroom,CONS,MID,3,3,5,5,IC SA CC DM Redesign,76,76 IC SA CC DM Redesign MID,VG52KF7H,0,0,1,TRUE
682,LightroomClassic1-11-OSX,Lightroom,CONS,NO USAGE,3,3,5,5,IC SA CC DM Redesign,76,76 IC SA CC DM Redesign NO USAGE,VG52KF7H,0,0,1,TRUE
682,LightroomClassic1-11-WIN,Lightroom,CONS,HIGH,3,3,5,5,IC SA CC DM Redesign,76,76 IC SA CC DM Redesign HIGH,VG52KF7H,0,0,1,TRUE
682,LightroomClassic1-11-WIN,Lightroom,CONS,LOW,3,3,5,5,IC SA CC DM Redesign,76,76 IC SA CC DM Redesign LOW,VG52KF7H,0,0,1,TRUE
682,LightroomClassic1-11-WIN,Lightroom,CONS,MID,3,3,5,5,IC SA CC DM Redesign,76,76 IC SA CC DM Redesign MID,VG52KF7H,0,0,1,TRUE
682,LightroomClassic1-11-WIN,Lightroom,CONS,NO USAGE,3,3,5,5,IC SA CC DM Redesign,76,76 IC SA CC DM Redesign NO USAGE,VG52KF7H,0,0,1,TRUE
682,Photoshop1-23-WIN,Photoshop,CONS,HIGH,3,3,7,7,IC SA CC DM Redesign,25,25 IC SA CC DM Redesign HIGH,8WLD4YS6,0,0,1,TRUE
682,Photoshop1-23-WIN,Photoshop,CONS,LOW,3,3,7,7,IC SA CC DM Redesign,25,25 IC SA CC DM Redesign LOW,8WLD4YS6,0,0,1,TRUE
682,Photoshop1-23-WIN,Photoshop,CONS,MID,3,3,7,7,IC SA CC DM Redesign,25,25 IC SA CC DM Redesign MID,8WLD4YS6,0,0,1,TRUE
682,Photoshop1-23-WIN,Photoshop,CONS,NO USAGE,3,3,7,7,IC SA CC DM Redesign,25,25 IC SA CC DM Redesign NO USAGE,8WLD4YS6,0,0,1,TRUE
756,Illustrator1-26-OSX,Illustrator,CONS,HIGH,3,3,3,3,IC CH CC DM Redesign,49,49 IC CH CC DM Redesign HIGH,CW761Z5D,0,0,1,TRUE
756,Illustrator1-26-OSX,Illustrator,CONS,LOW,3,3,3,3,IC CH CC DM Redesign,49,49 IC CH CC DM Redesign LOW,CW761Z5D,0,0,1,TRUE
756,Illustrator1-26-OSX,Illustrator,CONS,MID,3,3,3,3,IC CH CC DM Redesign,49,49 IC CH CC DM Redesign MID,CW761Z5D,0,0,1,TRUE
756,Illustrator1-26-OSX,Illustrator,CONS,NO USAGE,3,3,3,3,IC CH CC DM Redesign,49,49 IC CH CC DM Redesign NO USAGE,CW761Z5D,0,0,1,TRUE
756,Illustrator1-26-WIN,Illustrator,CONS,HIGH,3,3,3,3,IC CH CC DM Redesign,49,49 IC CH CC DM Redesign HIGH,CW761Z5D,0,0,1,TRUE
756,Illustrator1-26-WIN,Illustrator,CONS,LOW,3,3,3,3,IC CH CC DM Redesign,49,49 IC CH CC DM Redesign LOW,CW761Z5D,0,0,1,TRUE
756,Illustrator1-26-WIN,Illustrator,CONS,MID,3,3,3,3,IC CH CC DM Redesign,49,49 IC CH CC DM Redesign MID,CW761Z5D,0,0,1,TRUE
756,Illustrator1-26-WIN,Illustrator,CONS,NO USAGE,3,3,3,3,IC CH CC DM Redesign,49,49 IC CH CC DM Redesign NO USAGE,CW761Z5D,0,0,1,TRUE
756,LightroomClassic1-11-OSX,Lightroom,CONS,HIGH,3,3,5,5,IC CH CC DM Redesign,77,77 IC CH CC DM Redesign HIGH,VKW3K9HG,0,0,1,TRUE
756,LightroomClassic1-11-OSX,Lightroom,CONS,LOW,3,3,5,5,IC CH CC DM Redesign,77,77 IC CH CC DM Redesign LOW,VKW3K9HG,0,0,1,TRUE
756,LightroomClassic1-11-OSX,Lightroom,CONS,MID,3,3,5,5,IC CH CC DM Redesign,77,77 IC CH CC DM Redesign MID,VKW3K9HG,0,0,1,TRUE
756,LightroomClassic1-11-OSX,Lightroom,CONS,NO USAGE,3,3,5,5,IC CH CC DM Redesign,77,77 IC CH CC DM Redesign NO USAGE,VKW3K9HG,0,0,1,TRUE
756,LightroomClassic1-11-WIN,Lightroom,CONS,HIGH,3,3,5,5,IC CH CC DM Redesign,77,77 IC CH CC DM Redesign HIGH,VKW3K9HG,0,0,1,TRUE
756,LightroomClassic1-11-WIN,Lightroom,CONS,LOW,3,3,5,5,IC CH CC DM Redesign,77,77 IC CH CC DM Redesign LOW,VKW3K9HG,0,0,1,TRUE
756,LightroomClassic1-11-WIN,Lightroom,CONS,MID,3,3,5,5,IC CH CC DM Redesign,77,77 IC CH CC DM Redesign MID,VKW3K9HG,0,0,1,TRUE
756,LightroomClassic1-11-WIN,Lightroom,CONS,NO USAGE,3,3,5,5,IC CH CC DM Redesign,77,77 IC CH CC DM Redesign NO USAGE,VKW3K9HG,0,0,1,TRUE
756,Photoshop1-23-WIN,Photoshop,CONS,HIGH,3,3,7,7,IC CH CC DM Redesign,26,26 IC CH CC DM Redesign HIGH,91BF4V25,0,0,1,TRUE
756,Photoshop1-23-WIN,Photoshop,CONS,LOW,3,3,7,7,IC CH CC DM Redesign,26,26 IC CH CC DM Redesign LOW,91BF4V25,0,0,1,TRUE
756,Photoshop1-23-WIN,Photoshop,CONS,MID,3,3,7,7,IC CH CC DM Redesign,26,26 IC CH CC DM Redesign MID,91BF4V25,0,0,1,TRUE
756,Photoshop1-23-WIN,Photoshop,CONS,NO USAGE,3,3,7,7,IC CH CC DM Redesign,26,26 IC CH CC DM Redesign NO USAGE,91BF4V25,0,0,1,TRUE
76,Illustrator1-26-OSX,Illustrator,CONS,HIGH,4,4,4,4,IC BR CC DM Redesign,57,57 IC BR CC DM Redesign HIGH,DW3FZZ94,0,0,1,TRUE
76,Illustrator1-26-OSX,Illustrator,CONS,LOW,3,3,3,3,IC BR CC DM Redesign,36,36 IC BR CC DM Redesign LOW,B8NR3LPT,0,0,1,TRUE
76,Illustrator1-26-OSX,Illustrator,CONS,MID,3,3,3,3,IC BR CC DM Redesign,36,36 IC BR CC DM Redesign MID,B8NR3LPT,0,0,1,TRUE
76,Illustrator1-26-OSX,Illustrator,CONS,NO USAGE,3,3,3,3,IC BR CC DM Redesign,36,36 IC BR CC DM Redesign NO USAGE,B8NR3LPT,0,0,1,TRUE
76,Illustrator1-26-WIN,Illustrator,CONS,HIGH,4,4,4,4,IC BR CC DM Redesign,57,57 IC BR CC DM Redesign HIGH,DW3FZZ94,0,0,1,TRUE
76,Illustrator1-26-WIN,Illustrator,CONS,LOW,3,3,3,3,IC BR CC DM Redesign,36,36 IC BR CC DM Redesign LOW,B8NR3LPT,0,0,1,TRUE
76,Illustrator1-26-WIN,Illustrator,CONS,MID,3,3,3,3,IC BR CC DM Redesign,36,36 IC BR CC DM Redesign MID,B8NR3LPT,0,0,1,TRUE
76,Illustrator1-26-WIN,Illustrator,CONS,NO USAGE,3,3,3,3,IC BR CC DM Redesign,36,36 IC BR CC DM Redesign NO USAGE,B8NR3LPT,0,0,1,TRUE
76,LightroomClassic1-11-OSX,Lightroom,CONS,HIGH,4,4,6,6,IC BR CC DM Redesign,85,85 IC BR CC DM Redesign HIGH,WKRCJ9M6,0,0,1,TRUE
76,LightroomClassic1-11-OSX,Lightroom,CONS,LOW,3,3,5,5,IC BR CC DM Redesign,64,64 IC BR CC DM Redesign LOW,FR7NZ44W,0,0,1,TRUE
76,LightroomClassic1-11-OSX,Lightroom,CONS,MID,3,3,5,5,IC BR CC DM Redesign,64,64 IC BR CC DM Redesign MID,FR7NZ44W,0,0,1,TRUE
76,LightroomClassic1-11-OSX,Lightroom,CONS,NO USAGE,3,3,5,5,IC BR CC DM Redesign,64,64 IC BR CC DM Redesign NO USAGE,FR7NZ44W,0,0,1,TRUE
76,LightroomClassic1-11-WIN,Lightroom,CONS,HIGH,4,4,6,6,IC BR CC DM Redesign,85,85 IC BR CC DM Redesign HIGH,WKRCJ9M6,0,0,1,TRUE
76,LightroomClassic1-11-WIN,Lightroom,CONS,LOW,3,3,5,5,IC BR CC DM Redesign,64,64 IC BR CC DM Redesign LOW,FR7NZ44W,0,0,1,TRUE
76,LightroomClassic1-11-WIN,Lightroom,CONS,MID,3,3,5,5,IC BR CC DM Redesign,64,64 IC BR CC DM Redesign MID,FR7NZ44W,0,0,1,TRUE
76,LightroomClassic1-11-WIN,Lightroom,CONS,NO USAGE,3,3,5,5,IC BR CC DM Redesign,64,64 IC BR CC DM Redesign NO USAGE,FR7NZ44W,0,0,1,TRUE
76,Photoshop1-22-OSX,Photoshop,CONS,HIGH,2,2,2,2,IC BR CC DM Redesign,9,9 IC BR CC DM Redesign,QTV3P1PC,0,0,1,TRUE
76,Photoshop1-22-OSX,Photoshop,CONS,LOW,1,1,1,1,IC BR CC DM Redesign,3,3 IC BR CC DM Redesign,BDDS3HQK,0,0,1,TRUE
76,Photoshop1-22-OSX,Photoshop,CONS,MID,1,1,1,1,IC BR CC DM Redesign,3,3 IC BR CC DM Redesign,BDDS3HQK,0,0,1,TRUE
76,Photoshop1-22-OSX,Photoshop,CONS,NO USAGE,1,1,1,1,IC BR CC DM Redesign,8,8 IC BR CC DM Redesign,QQ42P5FD,0,0,1,TRUE
76,Photoshop1-22-WIN,Photoshop,CONS,HIGH,2,2,2,2,IC BR CC DM Redesign,9,9 IC BR CC DM Redesign,QTV3P1PC,0,0,1,TRUE
76,Photoshop1-22-WIN,Photoshop,CONS,LOW,1,1,1,1,IC BR CC DM Redesign,3,3 IC BR CC DM Redesign,BDDS3HQK,0,0,1,TRUE
76,Photoshop1-22-WIN,Photoshop,CONS,MID,1,1,1,1,IC BR CC DM Redesign,3,3 IC BR CC DM Redesign,BDDS3HQK,0,0,1,TRUE
76,Photoshop1-22-WIN,Photoshop,CONS,NO USAGE,1,1,1,1,IC BR CC DM Redesign,8,8 IC BR CC DM Redesign,QQ42P5FD,0,0,1,TRUE
76,Photoshop1-23-OSX,Photoshop,CONS,HIGH,2,2,2,2,IC BR CC DM Redesign,9,9 IC BR CC DM Redesign,QTV3P1PC,0,0,1,TRUE
76,Photoshop1-23-OSX,Photoshop,CONS,LOW,1,1,1,1,IC BR CC DM Redesign,3,3 IC BR CC DM Redesign,BDDS3HQK,0,0,1,TRUE
76,Photoshop1-23-OSX,Photoshop,CONS,MID,1,1,1,1,IC BR CC DM Redesign,3,3 IC BR CC DM Redesign,BDDS3HQK,0,0,1,TRUE
76,Photoshop1-23-OSX,Photoshop,CONS,NO USAGE,1,1,1,1,IC BR CC DM Redesign,8,8 IC BR CC DM Redesign,QQ42P5FD,0,0,1,TRUE
76,Photoshop1-23-WIN,Photoshop,CONS,HIGH,2,2,2,2,IC BR CC DM Redesign,9,9 IC BR CC DM Redesign,QTV3P1PC,0,0,1,TRUE
76,Photoshop1-23-WIN,Photoshop,CONS,LOW,1,1,1,1,IC BR CC DM Redesign,3,3 IC BR CC DM Redesign,BDDS3HQK,0,0,1,TRUE
76,Photoshop1-23-WIN,Photoshop,CONS,MID,1,1,1,1,IC BR CC DM Redesign,3,3 IC BR CC DM Redesign,BDDS3HQK,0,0,1,TRUE
76,Photoshop1-23-WIN,Photoshop,CONS,NO USAGE,1,1,1,1,IC BR CC DM Redesign,8,8 IC BR CC DM Redesign,QQ42P5FD,0,0,1,TRUE
764,Illustrator1-26-OSX,Illustrator,CONS,HIGH,3,3,3,3,IC TH CC DM Redesign,50,50 IC TH CC DM Redesign HIGH,CZY71VFC,0,0,1,TRUE
764,Illustrator1-26-OSX,Illustrator,CONS,LOW,3,3,3,3,IC TH CC DM Redesign,50,50 IC TH CC DM Redesign LOW,CZY71VFC,0,0,1,TRUE
764,Illustrator1-26-OSX,Illustrator,CONS,MID,3,3,3,3,IC TH CC DM Redesign,50,50 IC TH CC DM Redesign MID,CZY71VFC,0,0,1,TRUE
764,Illustrator1-26-OSX,Illustrator,CONS,NO USAGE,3,3,3,3,IC TH CC DM Redesign,50,50 IC TH CC DM Redesign NO USAGE,CZY71VFC,0,0,1,TRUE
764,Illustrator1-26-WIN,Illustrator,CONS,HIGH,3,3,3,3,IC TH CC DM Redesign,50,50 IC TH CC DM Redesign HIGH,CZY71VFC,0,0,1,TRUE
764,Illustrator1-26-WIN,Illustrator,CONS,LOW,3,3,3,3,IC TH CC DM Redesign,50,50 IC TH CC DM Redesign LOW,CZY71VFC,0,0,1,TRUE
764,Illustrator1-26-WIN,Illustrator,CONS,MID,3,3,3,3,IC TH CC DM Redesign,50,50 IC TH CC DM Redesign MID,CZY71VFC,0,0,1,TRUE
764,Illustrator1-26-WIN,Illustrator,CONS,NO USAGE,3,3,3,3,IC TH CC DM Redesign,50,50 IC TH CC DM Redesign NO USAGE,CZY71VFC,0,0,1,TRUE
764,LightroomClassic1-11-OSX,Lightroom,CONS,HIGH,3,3,5,5,IC TH CC DM Redesign,78,78 IC TH CC DM Redesign HIGH,VPM4K5RF,0,0,1,TRUE
764,LightroomClassic1-11-OSX,Lightroom,CONS,LOW,3,3,5,5,IC TH CC DM Redesign,78,78 IC TH CC DM Redesign LOW,VPM4K5RF,0,0,1,TRUE
764,LightroomClassic1-11-OSX,Lightroom,CONS,MID,3,3,5,5,IC TH CC DM Redesign,78,78 IC TH CC DM Redesign MID,VPM4K5RF,0,0,1,TRUE
764,LightroomClassic1-11-OSX,Lightroom,CONS,NO USAGE,3,3,5,5,IC TH CC DM Redesign,78,78 IC TH CC DM Redesign NO USAGE,VPM4K5RF,0,0,1,TRUE
764,LightroomClassic1-11-WIN,Lightroom,CONS,HIGH,3,3,5,5,IC TH CC DM Redesign,78,78 IC TH CC DM Redesign HIGH,VPM4K5RF,0,0,1,TRUE
764,LightroomClassic1-11-WIN,Lightroom,CONS,LOW,3,3,5,5,IC TH CC DM Redesign,78,78 IC TH CC DM Redesign LOW,VPM4K5RF,0,0,1,TRUE
764,LightroomClassic1-11-WIN,Lightroom,CONS,MID,3,3,5,5,IC TH CC DM Redesign,78,78 IC TH CC DM Redesign MID,VPM4K5RF,0,0,1,TRUE
764,LightroomClassic1-11-WIN,Lightroom,CONS,NO USAGE,3,3,5,5,IC TH CC DM Redesign,78,78 IC TH CC DM Redesign NO USAGE,VPM4K5RF,0,0,1,TRUE
764,Photoshop1-23-WIN,Photoshop,CONS,HIGH,3,3,7,7,IC TH CC DM Redesign,27,27 IC TH CC DM Redesign HIGH,952G4QB4,0,0,1,TRUE
764,Photoshop1-23-WIN,Photoshop,CONS,LOW,3,3,7,7,IC TH CC DM Redesign,27,27 IC TH CC DM Redesign LOW,952G4QB4,0,0,1,TRUE
764,Photoshop1-23-WIN,Photoshop,CONS,MID,3,3,7,7,IC TH CC DM Redesign,27,27 IC TH CC DM Redesign MID,952G4QB4,0,0,1,TRUE
764,Photoshop1-23-WIN,Photoshop,CONS,NO USAGE,3,3,7,7,IC TH CC DM Redesign,27,27 IC TH CC DM Redesign NO USAGE,952G4QB4,0,0,1,TRUE
784,Illustrator1-26-OSX,Illustrator,CONS,HIGH,3,3,3,3,IC AE CC DM Redesign,51,51 IC AE CC DM Redesign HIGH,D4P81QPB,0,0,1,TRUE
784,Illustrator1-26-OSX,Illustrator,CONS,LOW,3,3,3,3,IC AE CC DM Redesign,51,51 IC AE CC DM Redesign LOW,D4P81QPB,0,0,1,TRUE
784,Illustrator1-26-OSX,Illustrator,CONS,MID,3,3,3,3,IC AE CC DM Redesign,51,51 IC AE CC DM Redesign MID,D4P81QPB,0,0,1,TRUE
784,Illustrator1-26-OSX,Illustrator,CONS,NO USAGE,3,3,3,3,IC AE CC DM Redesign,51,51 IC AE CC DM Redesign NO USAGE,D4P81QPB,0,0,1,TRUE
784,Illustrator1-26-WIN,Illustrator,CONS,HIGH,3,3,3,3,IC AE CC DM Redesign,51,51 IC AE CC DM Redesign HIGH,D4P81QPB,0,0,1,TRUE
784,Illustrator1-26-WIN,Illustrator,CONS,LOW,3,3,3,3,IC AE CC DM Redesign,51,51 IC AE CC DM Redesign LOW,D4P81QPB,0,0,1,TRUE
784,Illustrator1-26-WIN,Illustrator,CONS,MID,3,3,3,3,IC AE CC DM Redesign,51,51 IC AE CC DM Redesign MID,D4P81QPB,0,0,1,TRUE
784,Illustrator1-26-WIN,Illustrator,CONS,NO USAGE,3,3,3,3,IC AE CC DM Redesign,51,51 IC AE CC DM Redesign NO USAGE,D4P81QPB,0,0,1,TRUE
784,LightroomClassic1-11-OSX,Lightroom,CONS,HIGH,3,3,5,5,IC AE CC DM Redesign,79,79 IC AE CC DM Redesign HIGH,VTC5K21D,0,0,1,TRUE
784,LightroomClassic1-11-OSX,Lightroom,CONS,LOW,3,3,5,5,IC AE CC DM Redesign,79,79 IC AE CC DM Redesign LOW,VTC5K21D,0,0,1,TRUE
784,LightroomClassic1-11-OSX,Lightroom,CONS,MID,3,3,5,5,IC AE CC DM Redesign,79,79 IC AE CC DM Redesign MID,VTC5K21D,0,0,1,TRUE
784,LightroomClassic1-11-OSX,Lightroom,CONS,NO USAGE,3,3,5,5,IC AE CC DM Redesign,79,79 IC AE CC DM Redesign NO USAGE,VTC5K21D,0,0,1,TRUE
784,LightroomClassic1-11-WIN,Lightroom,CONS,HIGH,3,3,5,5,IC AE CC DM Redesign,79,79 IC AE CC DM Redesign HIGH,VTC5K21D,0,0,1,TRUE
784,LightroomClassic1-11-WIN,Lightroom,CONS,LOW,3,3,5,5,IC AE CC DM Redesign,79,79 IC AE CC DM Redesign LOW,VTC5K21D,0,0,1,TRUE
784,LightroomClassic1-11-WIN,Lightroom,CONS,MID,3,3,5,5,IC AE CC DM Redesign,79,79 IC AE CC DM Redesign MID,VTC5K21D,0,0,1,TRUE
784,LightroomClassic1-11-WIN,Lightroom,CONS,NO USAGE,3,3,5,5,IC AE CC DM Redesign,79,79 IC AE CC DM Redesign NO USAGE,VTC5K21D,0,0,1,TRUE
784,Photoshop1-23-WIN,Photoshop,CONS,HIGH,3,3,7,7,IC AE CC DM Redesign,28,28 IC AE CC DM Redesign HIGH,98SH4LL3,0,0,1,TRUE
784,Photoshop1-23-WIN,Photoshop,CONS,LOW,3,3,7,7,IC AE CC DM Redesign,28,28 IC AE CC DM Redesign LOW,98SH4LL3,0,0,1,TRUE
784,Photoshop1-23-WIN,Photoshop,CONS,MID,3,3,7,7,IC AE CC DM Redesign,28,28 IC AE CC DM Redesign MID,98SH4LL3,0,0,1,TRUE
784,Photoshop1-23-WIN,Photoshop,CONS,NO USAGE,3,3,7,7,IC AE CC DM Redesign,28,28 IC AE CC DM Redesign NO USAGE,98SH4LL3,0,0,1,TRUE
792,Illustrator1-26-OSX,Illustrator,CONS,HIGH,3,3,3,3,IC TR CC DM Redesign,52,52 IC TR CC DM Redesign HIGH,D8F91LY9,0,0,1,TRUE
792,Illustrator1-26-OSX,Illustrator,CONS,LOW,3,3,3,3,IC TR CC DM Redesign,52,52 IC TR CC DM Redesign LOW,D8F91LY9,0,0,1,TRUE
792,Illustrator1-26-OSX,Illustrator,CONS,MID,3,3,3,3,IC TR CC DM Redesign,52,52 IC TR CC DM Redesign MID,D8F91LY9,0,0,1,TRUE
792,Illustrator1-26-OSX,Illustrator,CONS,NO USAGE,3,3,3,3,IC TR CC DM Redesign,52,52 IC TR CC DM Redesign NO USAGE,D8F91LY9,0,0,1,TRUE
792,Illustrator1-26-WIN,Illustrator,CONS,HIGH,3,3,3,3,IC TR CC DM Redesign,52,52 IC TR CC DM Redesign HIGH,D8F91LY9,0,0,1,TRUE
792,Illustrator1-26-WIN,Illustrator,CONS,LOW,3,3,3,3,IC TR CC DM Redesign,52,52 IC TR CC DM Redesign LOW,D8F91LY9,0,0,1,TRUE
792,Illustrator1-26-WIN,Illustrator,CONS,MID,3,3,3,3,IC TR CC DM Redesign,52,52 IC TR CC DM Redesign MID,D8F91LY9,0,0,1,TRUE
792,Illustrator1-26-WIN,Illustrator,CONS,NO USAGE,3,3,3,3,IC TR CC DM Redesign,52,52 IC TR CC DM Redesign NO USAGE,D8F91LY9,0,0,1,TRUE
792,LightroomClassic1-11-OSX,Lightroom,CONS,HIGH,3,3,5,5,IC TR CC DM Redesign,80,80 IC TR CC DM Redesign HIGH,VY36JX9C,0,0,1,TRUE
792,LightroomClassic1-11-OSX,Lightroom,CONS,LOW,3,3,5,5,IC TR CC DM Redesign,80,80 IC TR CC DM Redesign LOW,VY36JX9C,0,0,1,TRUE
792,LightroomClassic1-11-OSX,Lightroom,CONS,MID,3,3,5,5,IC TR CC DM Redesign,80,80 IC TR CC DM Redesign MID,VY36JX9C,0,0,1,TRUE
792,LightroomClassic1-11-OSX,Lightroom,CONS,NO USAGE,3,3,5,5,IC TR CC DM Redesign,80,80 IC TR CC DM Redesign NO USAGE,VY36JX9C,0,0,1,TRUE
792,LightroomClassic1-11-WIN,Lightroom,CONS,HIGH,3,3,5,5,IC TR CC DM Redesign,80,80 IC TR CC DM Redesign HIGH,VY36JX9C,0,0,1,TRUE
792,LightroomClassic1-11-WIN,Lightroom,CONS,LOW,3,3,5,5,IC TR CC DM Redesign,80,80 IC TR CC DM Redesign LOW,VY36JX9C,0,0,1,TRUE
792,LightroomClassic1-11-WIN,Lightroom,CONS,MID,3,3,5,5,IC TR CC DM Redesign,80,80 IC TR CC DM Redesign MID,VY36JX9C,0,0,1,TRUE
792,LightroomClassic1-11-WIN,Lightroom,CONS,NO USAGE,3,3,5,5,IC TR CC DM Redesign,80,80 IC TR CC DM Redesign NO USAGE,VY36JX9C,0,0,1,TRUE
792,Photoshop1-23-OSX,Photoshop,CONS,NO USAGE,3,3,7,7,IC TR CC DM Redesign,29,29 IC TR CC DM Redesign NO USAGE,9DJJ4GV2,0,0,1,TRUE
792,Photoshop1-23-WIN,Photoshop,CONS,HIGH,3,3,7,7,IC TR CC DM Redesign,29,29 IC TR CC DM Redesign HIGH,9DJJ4GV2,0,0,1,TRUE
792,Photoshop1-23-WIN,Photoshop,CONS,LOW,3,3,7,7,IC TR CC DM Redesign,29,29 IC TR CC DM Redesign LOW,9DJJ4GV2,0,0,1,TRUE
792,Photoshop1-23-WIN,Photoshop,CONS,MID,3,3,7,7,IC TR CC DM Redesign,29,29 IC TR CC DM Redesign MID,9DJJ4GV2,0,0,1,TRUE
792,Photoshop1-23-WIN,Photoshop,CONS,NO USAGE,3,3,7,7,IC TR CC DM Redesign,29,29 IC TR CC DM Redesign NO USAGE,9DJJ4GV2,0,0,1,TRUE
818,Illustrator1-26-OSX,Illustrator,CONS,HIGH,3,3,3,3,IC EG CC DM Redesign,53,53 IC EG CC DM Redesign HIGH,DD5B1H78,0,0,1,TRUE
818,Illustrator1-26-OSX,Illustrator,CONS,LOW,3,3,3,3,IC EG CC DM Redesign,53,53 IC EG CC DM Redesign LOW,DD5B1H78,0,0,1,TRUE
818,Illustrator1-26-OSX,Illustrator,CONS,MID,3,3,3,3,IC EG CC DM Redesign,53,53 IC EG CC DM Redesign MID,DD5B1H78,0,0,1,TRUE
818,Illustrator1-26-OSX,Illustrator,CONS,NO USAGE,3,3,3,3,IC EG CC DM Redesign,53,53 IC EG CC DM Redesign NO USAGE,DD5B1H78,0,0,1,TRUE
818,Illustrator1-26-WIN,Illustrator,CONS,HIGH,3,3,3,3,IC EG CC DM Redesign,53,53 IC EG CC DM Redesign HIGH,DD5B1H78,0,0,1,TRUE
818,Illustrator1-26-WIN,Illustrator,CONS,LOW,3,3,3,3,IC EG CC DM Redesign,53,53 IC EG CC DM Redesign LOW,DD5B1H78,0,0,1,TRUE
818,Illustrator1-26-WIN,Illustrator,CONS,MID,3,3,3,3,IC EG CC DM Redesign,53,53 IC EG CC DM Redesign MID,DD5B1H78,0,0,1,TRUE
818,Illustrator1-26-WIN,Illustrator,CONS,NO USAGE,3,3,3,3,IC EG CC DM Redesign,53,53 IC EG CC DM Redesign NO USAGE,DD5B1H78,0,0,1,TRUE
818,LightroomClassic1-11-OSX,Lightroom,CONS,HIGH,3,3,5,5,IC EG CC DM Redesign,81,81 IC EG CC DM Redesign HIGH,W2T7JSKB,0,0,1,TRUE
818,LightroomClassic1-11-OSX,Lightroom,CONS,LOW,3,3,5,5,IC EG CC DM Redesign,81,81 IC EG CC DM Redesign LOW,W2T7JSKB,0,0,1,TRUE
818,LightroomClassic1-11-OSX,Lightroom,CONS,MID,3,3,5,5,IC EG CC DM Redesign,81,81 IC EG CC DM Redesign MID,W2T7JSKB,0,0,1,TRUE
818,LightroomClassic1-11-OSX,Lightroom,CONS,NO USAGE,3,3,5,5,IC EG CC DM Redesign,81,81 IC EG CC DM Redesign NO USAGE,W2T7JSKB,0,0,1,TRUE
818,LightroomClassic1-11-WIN,Lightroom,CONS,HIGH,3,3,5,5,IC EG CC DM Redesign,81,81 IC EG CC DM Redesign HIGH,W2T7JSKB,0,0,1,TRUE
818,LightroomClassic1-11-WIN,Lightroom,CONS,LOW,3,3,5,5,IC EG CC DM Redesign,81,81 IC EG CC DM Redesign LOW,W2T7JSKB,0,0,1,TRUE
818,LightroomClassic1-11-WIN,Lightroom,CONS,MID,3,3,5,5,IC EG CC DM Redesign,81,81 IC EG CC DM Redesign MID,W2T7JSKB,0,0,1,TRUE
818,LightroomClassic1-11-WIN,Lightroom,CONS,NO USAGE,3,3,5,5,IC EG CC DM Redesign,81,81 IC EG CC DM Redesign NO USAGE,W2T7JSKB,0,0,1,TRUE
818,Photoshop1-23-OSX,Photoshop,CONS,NO USAGE,3,3,7,7,IC EG CC DM Redesign,30,30 IC EG CC DM Redesign NO USAGE,9J8K4C41,0,0,1,TRUE
818,Photoshop1-23-WIN,Photoshop,CONS,HIGH,3,3,7,7,IC EG CC DM Redesign,30,30 IC EG CC DM Redesign HIGH,9J8K4C41,0,0,1,TRUE
818,Photoshop1-23-WIN,Photoshop,CONS,LOW,3,3,7,7,IC EG CC DM Redesign,30,30 IC EG CC DM Redesign LOW,9J8K4C41,0,0,1,TRUE
818,Photoshop1-23-WIN,Photoshop,CONS,MID,3,3,7,7,IC EG CC DM Redesign,30,30 IC EG CC DM Redesign MID,9J8K4C41,0,0,1,TRUE
818,Photoshop1-23-WIN,Photoshop,CONS,NO USAGE,3,3,7,7,IC EG CC DM Redesign,30,30 IC EG CC DM Redesign NO USAGE,9J8K4C41,0,0,1,TRUE
826,Illustrator1-26-OSX,Illustrator,CONS,HIGH,4,4,4,4,IC UK CC DM Redesign,58,58 IC UK CC DM Redesign HIGH,DZTGZVK3,0,0,1,TRUE
826,Illustrator1-26-OSX,Illustrator,CONS,LOW,3,3,3,3,IC UK CC DM Redesign,54,54 IC UK CC DM Redesign LOW,DHWC1CH7,0,0,1,TRUE
826,Illustrator1-26-OSX,Illustrator,CONS,MID,3,3,3,3,IC UK CC DM Redesign,54,54 IC UK CC DM Redesign MID,DHWC1CH7,0,0,1,TRUE
826,Illustrator1-26-OSX,Illustrator,CONS,NO USAGE,3,3,3,3,IC UK CC DM Redesign,54,54 IC UK CC DM Redesign NO USAGE,DHWC1CH7,0,0,1,TRUE
826,Illustrator1-26-WIN,Illustrator,CONS,HIGH,4,4,4,4,IC UK CC DM Redesign,58,58 IC UK CC DM Redesign HIGH,DZTGZVK3,0,0,1,TRUE
826,Illustrator1-26-WIN,Illustrator,CONS,LOW,3,3,3,3,IC UK CC DM Redesign,54,54 IC UK CC DM Redesign LOW,DHWC1CH7,0,0,1,TRUE
826,Illustrator1-26-WIN,Illustrator,CONS,MID,3,3,3,3,IC UK CC DM Redesign,54,54 IC UK CC DM Redesign MID,DHWC1CH7,0,0,1,TRUE
826,Illustrator1-26-WIN,Illustrator,CONS,NO USAGE,3,3,3,3,IC UK CC DM Redesign,54,54 IC UK CC DM Redesign NO USAGE,DHWC1CH7,0,0,1,TRUE
826,LightroomClassic1-11-OSX,Lightroom,CONS,HIGH,4,4,6,6,IC UK CC DM Redesign,86,86 IC UK CC DM Redesign HIGH,WPHDJ5W5,0,0,1,TRUE
826,LightroomClassic1-11-OSX,Lightroom,CONS,LOW,3,3,5,5,IC UK CC DM Redesign,82,82 IC UK CC DM Redesign LOW,W6K8JNT9,0,0,1,TRUE
826,LightroomClassic1-11-OSX,Lightroom,CONS,MID,3,3,5,5,IC UK CC DM Redesign,82,82 IC UK CC DM Redesign MID,W6K8JNT9,0,0,1,TRUE
826,LightroomClassic1-11-OSX,Lightroom,CONS,NO USAGE,3,3,5,5,IC UK CC DM Redesign,82,82 IC UK CC DM Redesign NO USAGE,W6K8JNT9,0,0,1,TRUE
826,LightroomClassic1-11-WIN,Lightroom,CONS,HIGH,4,4,6,6,IC UK CC DM Redesign,86,86 IC UK CC DM Redesign HIGH,WPHDJ5W5,0,0,1,TRUE
826,LightroomClassic1-11-WIN,Lightroom,CONS,LOW,3,3,5,5,IC UK CC DM Redesign,82,82 IC UK CC DM Redesign LOW,W6K8JNT9,0,0,1,TRUE
826,LightroomClassic1-11-WIN,Lightroom,CONS,MID,3,3,5,5,IC UK CC DM Redesign,82,82 IC UK CC DM Redesign MID,W6K8JNT9,0,0,1,TRUE
826,LightroomClassic1-11-WIN,Lightroom,CONS,NO USAGE,3,3,5,5,IC UK CC DM Redesign,82,82 IC UK CC DM Redesign NO USAGE,W6K8JNT9,0,0,1,TRUE
826,Photoshop1-22-OSX,Photoshop,CONS,HIGH,2,2,2,2,IC UK CC DM Redesign,7,7 IC UK CC DM Redesign,QGMZPDWG,0,0,1,TRUE
826,Photoshop1-22-OSX,Photoshop,CONS,LOW,1,1,1,1,IC UK CC DM Redesign,2,2 IC UK CC DM Redesign,B8NR3MGL,0,0,1,TRUE
826,Photoshop1-22-OSX,Photoshop,CONS,MID,1,1,1,1,IC UK CC DM Redesign,2,2 IC UK CC DM Redesign,B8NR3MGL,0,0,1,TRUE
826,Photoshop1-22-OSX,Photoshop,CONS,NO USAGE,1,1,1,1,IC UK CC DM Redesign,6,6 IC UK CC DM Redesign,QLD1P95F,0,0,1,TRUE
826,Photoshop1-22-WIN,Photoshop,CONS,HIGH,2,2,2,2,IC UK CC DM Redesign,7,7 IC UK CC DM Redesign,QGMZPDWG,0,0,1,TRUE
826,Photoshop1-22-WIN,Photoshop,CONS,LOW,1,1,1,1,IC UK CC DM Redesign,2,2 IC UK CC DM Redesign,B8NR3MGL,0,0,1,TRUE
826,Photoshop1-22-WIN,Photoshop,CONS,MID,1,1,1,1,IC UK CC DM Redesign,2,2 IC UK CC DM Redesign,B8NR3MGL,0,0,1,TRUE
826,Photoshop1-22-WIN,Photoshop,CONS,NO USAGE,1,1,1,1,IC UK CC DM Redesign,6,6 IC UK CC DM Redesign,QLD1P95F,0,0,1,TRUE
826,Photoshop1-23-OSX,Photoshop,CONS,HIGH,2,2,2,2,IC UK CC DM Redesign,7,7 IC UK CC DM Redesign,QGMZPDWG,0,0,1,TRUE
826,Photoshop1-23-OSX,Photoshop,CONS,LOW,1,1,1,1,IC UK CC DM Redesign,2,2 IC UK CC DM Redesign,B8NR3MGL,0,0,1,TRUE
826,Photoshop1-23-OSX,Photoshop,CONS,MID,1,1,1,1,IC UK CC DM Redesign,2,2 IC UK CC DM Redesign,B8NR3MGL,0,0,1,TRUE
826,Photoshop1-23-OSX,Photoshop,CONS,NO USAGE,1,1,1,1,IC UK CC DM Redesign,6,6 IC UK CC DM Redesign,QLD1P95F,0,0,1,TRUE
826,Photoshop1-23-WIN,Photoshop,CONS,HIGH,2,2,2,2,IC UK CC DM Redesign,7,7 IC UK CC DM Redesign,QGMZPDWG,0,0,1,TRUE
826,Photoshop1-23-WIN,Photoshop,CONS,LOW,1,1,1,1,IC UK CC DM Redesign,2,2 IC UK CC DM Redesign,B8NR3MGL,0,0,1,TRUE
826,Photoshop1-23-WIN,Photoshop,CONS,MID,1,1,1,1,IC UK CC DM Redesign,2,2 IC UK CC DM Redesign,B8NR3MGL,0,0,1,TRUE
826,Photoshop1-23-WIN,Photoshop,CONS,NO USAGE,1,1,1,1,IC UK CC DM Redesign,6,6 IC UK CC DM Redesign,QLD1P95F,0,0,1,TRUE
840,Illustrator1-26-OSX,Illustrator,CONS,HIGH,4,4,4,4,IC US CC DM Redesign,59,59 IC US CC DM Redesign HIGH,F4KHZQT2,0,0,1,TRUE
840,Illustrator1-26-OSX,Illustrator,CONS,LOW,3,3,3,3,IC US CC DM Redesign,55,55 IC US CC DM Redesign LOW,DMMD17R6,0,0,1,TRUE
840,Illustrator1-26-OSX,Illustrator,CONS,MID,3,3,3,3,IC US CC DM Redesign,55,55 IC US CC DM Redesign MID,DMMD17R6,0,0,1,TRUE
840,Illustrator1-26-OSX,Illustrator,CONS,NO USAGE,3,3,3,3,IC US CC DM Redesign,55,55 IC US CC DM Redesign NO USAGE,DMMD17R6,0,0,1,TRUE
840,Illustrator1-26-WIN,Illustrator,CONS,HIGH,4,4,4,4,IC US CC DM Redesign,59,59 IC US CC DM Redesign HIGH,F4KHZQT2,0,0,1,TRUE
840,Illustrator1-26-WIN,Illustrator,CONS,LOW,3,3,3,3,IC US CC DM Redesign,55,55 IC US CC DM Redesign LOW,DMMD17R6,0,0,1,TRUE
840,Illustrator1-26-WIN,Illustrator,CONS,MID,3,3,3,3,IC US CC DM Redesign,55,55 IC US CC DM Redesign MID,DMMD17R6,0,0,1,TRUE
840,Illustrator1-26-WIN,Illustrator,CONS,NO USAGE,3,3,3,3,IC US CC DM Redesign,55,55 IC US CC DM Redesign NO USAGE,DMMD17R6,0,0,1,TRUE
840,LightroomClassic1-11-OSX,Lightroom,CONS,HIGH,4,4,6,6,IC US CC DM Redesign,87,87 IC US CC DM Redesign HIGH,WT7FJ254,0,0,1,TRUE
840,LightroomClassic1-11-OSX,Lightroom,CONS,LOW,3,3,5,5,IC US CC DM Redesign,83,83 IC US CC DM Redesign LOW,WB99JK38,0,0,1,TRUE
840,LightroomClassic1-11-OSX,Lightroom,CONS,MID,3,3,5,5,IC US CC DM Redesign,83,83 IC US CC DM Redesign MID,WB99JK38,0,0,1,TRUE
840,LightroomClassic1-11-OSX,Lightroom,CONS,NO USAGE,3,3,5,5,IC US CC DM Redesign,83,83 IC US CC DM Redesign NO USAGE,WB99JK38,0,0,1,TRUE
840,LightroomClassic1-11-WIN,Lightroom,CONS,HIGH,4,4,6,6,IC US CC DM Redesign,87,87 IC US CC DM Redesign HIGH,WT7FJ254,0,0,1,TRUE
840,LightroomClassic1-11-WIN,Lightroom,CONS,LOW,3,3,5,5,IC US CC DM Redesign,83,83 IC US CC DM Redesign LOW,WB99JK38,0,0,1,TRUE
840,LightroomClassic1-11-WIN,Lightroom,CONS,MID,3,3,5,5,IC US CC DM Redesign,83,83 IC US CC DM Redesign MID,WB99JK38,0,0,1,TRUE
840,LightroomClassic1-11-WIN,Lightroom,CONS,NO USAGE,3,3,5,5,IC US CC DM Redesign,83,83 IC US CC DM Redesign NO USAGE,WB99JK38,0,0,1,TRUE
840,Photoshop1-22-OSX,Photoshop,CONS,HIGH,2,2,2,2,IC US CC DM Redesign,5,5 IC US CC DM Redesign,QBWYPJMH,0,0,1,TRUE
840,Photoshop1-22-OSX,Photoshop,CONS,LOW,1,1,1,1,IC US CC DM Redesign,1,1 IC US CC DM Redesign,B4XQ3R6M,0,0,1,TRUE
840,Photoshop1-22-OSX,Photoshop,CONS,MID,1,1,1,1,IC US CC DM Redesign,1,1 IC US CC DM Redesign,B4XQ3R6M,0,0,1,TRUE
840,Photoshop1-22-OSX,Photoshop,CONS,NO USAGE,1,1,1,1,IC US CC DM Redesign,4,4 IC US CC DM Redesign,Q75XPNCJ,0,0,1,TRUE
840,Photoshop1-22-WIN,Photoshop,CONS,HIGH,2,2,2,2,IC US CC DM Redesign,5,5 IC US CC DM Redesign,QBWYPJMH,0,0,1,TRUE
840,Photoshop1-22-WIN,Photoshop,CONS,LOW,1,1,1,1,IC US CC DM Redesign,1,1 IC US CC DM Redesign,B4XQ3R6M,0,0,1,TRUE
840,Photoshop1-22-WIN,Photoshop,CONS,MID,1,1,1,1,IC US CC DM Redesign,1,1 IC US CC DM Redesign,B4XQ3R6M,0,0,1,TRUE
840,Photoshop1-22-WIN,Photoshop,CONS,NO USAGE,1,1,1,1,IC US CC DM Redesign,4,4 IC US CC DM Redesign,Q75XPNCJ,0,0,1,TRUE
840,Photoshop1-23-OSX,Photoshop,CONS,HIGH,2,2,2,2,IC US CC DM Redesign,5,5 IC US CC DM Redesign,QBWYPJMH,0,0,1,TRUE
840,Photoshop1-23-OSX,Photoshop,CONS,LOW,1,1,1,1,IC US CC DM Redesign,1,1 IC US CC DM Redesign,B4XQ3R6M,0,0,1,TRUE
840,Photoshop1-23-OSX,Photoshop,CONS,MID,1,1,1,1,IC US CC DM Redesign,1,1 IC US CC DM Redesign,B4XQ3R6M,0,0,1,TRUE
840,Photoshop1-23-OSX,Photoshop,CONS,NO USAGE,1,1,1,1,IC US CC DM Redesign,4,4 IC US CC DM Redesign,Q75XPNCJ,0,0,1,TRUE
840,Photoshop1-23-WIN,Photoshop,CONS,HIGH,2,2,2,2,IC US CC DM Redesign,5,5 IC US CC DM Redesign,QBWYPJMH,0,0,1,TRUE
840,Photoshop1-23-WIN,Photoshop,CONS,LOW,1,1,1,1,IC US CC DM Redesign,1,1 IC US CC DM Redesign,B4XQ3R6M,0,0,1,TRUE
840,Photoshop1-23-WIN,Photoshop,CONS,MID,1,1,1,1,IC US CC DM Redesign,1,1 IC US CC DM Redesign,B4XQ3R6M,0,0,1,TRUE
840,Photoshop1-23-WIN,Photoshop,CONS,NO USAGE,1,1,1,1,IC US CC DM Redesign,4,4 IC US CC DM Redesign,Q75XPNCJ,0,0,1,TRUE
12,Photoshop1-23-OSX,Photoshop,CONS,HIGH,3,3,7,7,IC DZ CC DM Redesign,10,10 IC DZ CC DM Redesign HIGH,71KW6TSP,0,0,1,TRUE
12,Photoshop1-23-OSX,Photoshop,CONS,LOW,3,3,7,7,IC DZ CC DM Redesign,10,10 IC DZ CC DM Redesign LOW,71KW6TSP,0,0,1,TRUE
12,Photoshop1-23-OSX,Photoshop,CONS,MID,3,3,7,7,IC DZ CC DM Redesign,10,10 IC DZ CC DM Redesign MID,71KW6TSP,0,0,1,TRUE
12,Photoshop1-23-OSX,Photoshop,CONS,NO USAGE,3,3,7,7,IC DZ CC DM Redesign,10,10 IC DZ CC DM Redesign NO USAGE,71KW6TSP,0,0,1,TRUE
152,Photoshop1-23-OSX,Photoshop,CONS,HIGH,3,3,7,7,IC CL CC DM Redesign,14,14 IC CL CC DM Redesign HIGH,7JJ16BVK,0,0,1,TRUE
152,Photoshop1-23-OSX,Photoshop,CONS,LOW,3,3,7,7,IC CL CC DM Redesign,14,14 IC CL CC DM Redesign LOW,7JJ16BVK,0,0,1,TRUE
152,Photoshop1-23-OSX,Photoshop,CONS,MID,3,3,7,7,IC CL CC DM Redesign,14,14 IC CL CC DM Redesign MID,7JJ16BVK,0,0,1,TRUE
152,Photoshop1-23-OSX,Photoshop,CONS,NO USAGE,3,3,7,7,IC CL CC DM Redesign,14,14 IC CL CC DM Redesign NO USAGE,7JJ16BVK,0,0,1,TRUE
170,Photoshop1-23-OSX,Photoshop,CONS,HIGH,3,3,7,7,IC CO CC DM Redesign,15,15 IC CO CC DM Redesign HIGH,7N82674J,0,0,1,TRUE
170,Photoshop1-23-OSX,Photoshop,CONS,LOW,3,3,7,7,IC CO CC DM Redesign,15,15 IC CO CC DM Redesign LOW,7N82674J,0,0,1,TRUE
170,Photoshop1-23-OSX,Photoshop,CONS,MID,3,3,7,7,IC CO CC DM Redesign,15,15 IC CO CC DM Redesign MID,7N82674J,0,0,1,TRUE
170,Photoshop1-23-OSX,Photoshop,CONS,NO USAGE,3,3,7,7,IC CO CC DM Redesign,15,15 IC CO CC DM Redesign NO USAGE,7N82674J,0,0,1,TRUE
32,Photoshop1-23-OSX,Photoshop,CONS,HIGH,3,3,7,7,IC AR CC DM Redesign,11,11 IC AR CC DM Redesign HIGH,759X6Q2N,0,0,1,TRUE
32,Photoshop1-23-OSX,Photoshop,CONS,LOW,3,3,7,7,IC AR CC DM Redesign,11,11 IC AR CC DM Redesign LOW,759X6Q2N,0,0,1,TRUE
32,Photoshop1-23-OSX,Photoshop,CONS,MID,3,3,7,7,IC AR CC DM Redesign,11,11 IC AR CC DM Redesign MID,759X6Q2N,0,0,1,TRUE
32,Photoshop1-23-OSX,Photoshop,CONS,NO USAGE,3,3,7,7,IC AR CC DM Redesign,11,11 IC AR CC DM Redesign NO USAGE,759X6Q2N,0,0,1,TRUE
36,Photoshop1-23-OSX,Photoshop,CONS,HIGH,4,4,8,8,IC AU CC DM Redesign,31,31 IC AU CC DM Redesign HIGH,9MZL47CZ,0,0,1,TRUE
36,Photoshop1-23-OSX,Photoshop,CONS,LOW,3,3,7,7,IC AU CC DM Redesign,12,12 IC AU CC DM Redesign LOW,791Y6LBM,0,0,1,TRUE
36,Photoshop1-23-OSX,Photoshop,CONS,MID,3,3,7,7,IC AU CC DM Redesign,12,12 IC AU CC DM Redesign MID,791Y6LBM,0,0,1,TRUE
36,Photoshop1-23-OSX,Photoshop,CONS,NO USAGE,3,3,7,7,IC AU CC DM Redesign,12,12 IC AU CC DM Redesign NO USAGE,791Y6LBM,0,0,1,TRUE
392,Photoshop1-23-OSX,Photoshop,CONS,HIGH,3,3,7,7,IC JP CC DM Redesign,16,16 IC JP CC DM Redesign HIGH,7RZ363DH,0,0,1,TRUE
392,Photoshop1-23-OSX,Photoshop,CONS,LOW,3,3,7,7,IC JP CC DM Redesign,16,16 IC JP CC DM Redesign LOW,7RZ363DH,0,0,1,TRUE
392,Photoshop1-23-OSX,Photoshop,CONS,MID,3,3,7,7,IC JP CC DM Redesign,16,16 IC JP CC DM Redesign MID,7RZ363DH,0,0,1,TRUE
392,Photoshop1-23-OSX,Photoshop,CONS,NO USAGE,3,3,7,7,IC JP CC DM Redesign,16,16 IC JP CC DM Redesign NO USAGE,7RZ363DH,0,0,1,TRUE
400,Photoshop1-23-OSX,Photoshop,CONS,HIGH,3,3,7,7,IC JO CC DM Redesign,17,17 IC JO CC DM Redesign HIGH,7WQ45YNG,0,0,1,TRUE
400,Photoshop1-23-OSX,Photoshop,CONS,LOW,3,3,7,7,IC JO CC DM Redesign,17,17 IC JO CC DM Redesign LOW,7WQ45YNG,0,0,1,TRUE
400,Photoshop1-23-OSX,Photoshop,CONS,MID,3,3,7,7,IC JO CC DM Redesign,17,17 IC JO CC DM Redesign MID,7WQ45YNG,0,0,1,TRUE
400,Photoshop1-23-OSX,Photoshop,CONS,NO USAGE,3,3,7,7,IC JO CC DM Redesign,17,17 IC JO CC DM Redesign NO USAGE,7WQ45YNG,0,0,1,TRUE
410,Photoshop1-23-OSX,Photoshop,CONS,HIGH,3,3,7,7,IC KR CC DM Redesign,18,18 IC KR CC DM Redesign HIGH,81G55TXF,0,0,1,TRUE
410,Photoshop1-23-OSX,Photoshop,CONS,LOW,3,3,7,7,IC KR CC DM Redesign,18,18 IC KR CC DM Redesign LOW,81G55TXF,0,0,1,TRUE
410,Photoshop1-23-OSX,Photoshop,CONS,MID,3,3,7,7,IC KR CC DM Redesign,18,18 IC KR CC DM Redesign MID,81G55TXF,0,0,1,TRUE
410,Photoshop1-23-OSX,Photoshop,CONS,NO USAGE,3,3,7,7,IC KR CC DM Redesign,18,18 IC KR CC DM Redesign NO USAGE,81G55TXF,0,0,1,TRUE
414,Photoshop1-23-OSX,Photoshop,CONS,HIGH,3,3,7,7,IC KW CC DM Redesign,19,19 IC KW CC DM Redesign HIGH,85665Q6D,0,0,1,TRUE
414,Photoshop1-23-OSX,Photoshop,CONS,LOW,3,3,7,7,IC KW CC DM Redesign,19,19 IC KW CC DM Redesign LOW,85665Q6D,0,0,1,TRUE
414,Photoshop1-23-OSX,Photoshop,CONS,MID,3,3,7,7,IC KW CC DM Redesign,19,19 IC KW CC DM Redesign MID,85665Q6D,0,0,1,TRUE
414,Photoshop1-23-OSX,Photoshop,CONS,NO USAGE,3,3,7,7,IC KW CC DM Redesign,19,19 IC KW CC DM Redesign NO USAGE,85665Q6D,0,0,1,TRUE
422,Photoshop1-23-OSX,Photoshop,CONS,HIGH,3,3,7,7,IC LB CC DM Redesign,20,20 IC LB CC DM Redesign HIGH,88X75LGC,0,0,1,TRUE
422,Photoshop1-23-OSX,Photoshop,CONS,LOW,3,3,7,7,IC LB CC DM Redesign,20,20 IC LB CC DM Redesign LOW,88X75LGC,0,0,1,TRUE
422,Photoshop1-23-OSX,Photoshop,CONS,MID,3,3,7,7,IC LB CC DM Redesign,20,20 IC LB CC DM Redesign MID,88X75LGC,0,0,1,TRUE
422,Photoshop1-23-OSX,Photoshop,CONS,NO USAGE,3,3,7,7,IC LB CC DM Redesign,20,20 IC LB CC DM Redesign NO USAGE,88X75LGC,0,0,1,TRUE
48,Photoshop1-23-OSX,Photoshop,CONS,HIGH,3,3,7,7,IC BH CC DM Redesign,13,13 IC BH CC DM Redesign HIGH,7DRZ6GLL,0,0,1,TRUE
48,Photoshop1-23-OSX,Photoshop,CONS,LOW,3,3,7,7,IC BH CC DM Redesign,13,13 IC BH CC DM Redesign LOW,7DRZ6GLL,0,0,1,TRUE
48,Photoshop1-23-OSX,Photoshop,CONS,MID,3,3,7,7,IC BH CC DM Redesign,13,13 IC BH CC DM Redesign MID,7DRZ6GLL,0,0,1,TRUE
48,Photoshop1-23-OSX,Photoshop,CONS,NO USAGE,3,3,7,7,IC BH CC DM Redesign,13,13 IC BH CC DM Redesign NO USAGE,7DRZ6GLL,0,0,1,TRUE
484,Photoshop1-23-OSX,Photoshop,CONS,HIGH,3,3,7,7,IC MX CC DM Redesign,21,21 IC MX CC DM Redesign HIGH,8DN85GQB,0,0,1,TRUE
484,Photoshop1-23-OSX,Photoshop,CONS,LOW,3,3,7,7,IC MX CC DM Redesign,21,21 IC MX CC DM Redesign LOW,8DN85GQB,0,0,1,TRUE
484,Photoshop1-23-OSX,Photoshop,CONS,MID,3,3,7,7,IC MX CC DM Redesign,21,21 IC MX CC DM Redesign MID,8DN85GQB,0,0,1,TRUE
484,Photoshop1-23-OSX,Photoshop,CONS,NO USAGE,3,3,7,7,IC MX CC DM Redesign,21,21 IC MX CC DM Redesign NO USAGE,8DN85GQB,0,0,1,TRUE
504,Photoshop1-23-OSX,Photoshop,CONS,HIGH,3,3,7,7,IC MA CC DM Redesign,22,22 IC MA CC DM Redesign HIGH,8JD95BZ9,0,0,1,TRUE
504,Photoshop1-23-OSX,Photoshop,CONS,LOW,3,3,7,7,IC MA CC DM Redesign,22,22 IC MA CC DM Redesign LOW,8JD95BZ9,0,0,1,TRUE
504,Photoshop1-23-OSX,Photoshop,CONS,MID,3,3,7,7,IC MA CC DM Redesign,22,22 IC MA CC DM Redesign MID,8JD95BZ9,0,0,1,TRUE
504,Photoshop1-23-OSX,Photoshop,CONS,NO USAGE,3,3,7,7,IC MA CC DM Redesign,22,22 IC MA CC DM Redesign NO USAGE,8JD95BZ9,0,0,1,TRUE
512,Photoshop1-23-OSX,Photoshop,CONS,HIGH,3,3,7,7,IC OM CC DM Redesign,23,23 IC OM CC DM Redesign HIGH,8N4B5788,0,0,1,TRUE
512,Photoshop1-23-OSX,Photoshop,CONS,LOW,3,3,7,7,IC OM CC DM Redesign,23,23 IC OM CC DM Redesign LOW,8N4B5788,0,0,1,TRUE
512,Photoshop1-23-OSX,Photoshop,CONS,MID,3,3,7,7,IC OM CC DM Redesign,23,23 IC OM CC DM Redesign MID,8N4B5788,0,0,1,TRUE
512,Photoshop1-23-OSX,Photoshop,CONS,NO USAGE,3,3,7,7,IC OM CC DM Redesign,23,23 IC OM CC DM Redesign NO USAGE,8N4B5788,0,0,1,TRUE
634,Photoshop1-23-OSX,Photoshop,CONS,HIGH,3,3,7,7,IC QA CC DM Redesign,24,24 IC QA CC DM Redesign HIGH,8RVC53J7,0,0,1,TRUE
634,Photoshop1-23-OSX,Photoshop,CONS,LOW,3,3,7,7,IC QA CC DM Redesign,24,24 IC QA CC DM Redesign LOW,8RVC53J7,0,0,1,TRUE
634,Photoshop1-23-OSX,Photoshop,CONS,MID,3,3,7,7,IC QA CC DM Redesign,24,24 IC QA CC DM Redesign MID,8RVC53J7,0,0,1,TRUE
634,Photoshop1-23-OSX,Photoshop,CONS,NO USAGE,3,3,7,7,IC QA CC DM Redesign,24,24 IC QA CC DM Redesign NO USAGE,8RVC53J7,0,0,1,TRUE
682,Photoshop1-23-OSX,Photoshop,CONS,HIGH,3,3,7,7,IC SA CC DM Redesign,25,25 IC SA CC DM Redesign HIGH,8WLD4YS6,0,0,1,TRUE
682,Photoshop1-23-OSX,Photoshop,CONS,LOW,3,3,7,7,IC SA CC DM Redesign,25,25 IC SA CC DM Redesign LOW,8WLD4YS6,0,0,1,TRUE
682,Photoshop1-23-OSX,Photoshop,CONS,MID,3,3,7,7,IC SA CC DM Redesign,25,25 IC SA CC DM Redesign MID,8WLD4YS6,0,0,1,TRUE
682,Photoshop1-23-OSX,Photoshop,CONS,NO USAGE,3,3,7,7,IC SA CC DM Redesign,25,25 IC SA CC DM Redesign NO USAGE,8WLD4YS6,0,0,1,TRUE
756,Photoshop1-23-OSX,Photoshop,CONS,HIGH,3,3,7,7,IC CH CC DM Redesign,26,26 IC CH CC DM Redesign HIGH,91BF4V25,0,0,1,TRUE
756,Photoshop1-23-OSX,Photoshop,CONS,LOW,3,3,7,7,IC CH CC DM Redesign,26,26 IC CH CC DM Redesign LOW,91BF4V25,0,0,1,TRUE
756,Photoshop1-23-OSX,Photoshop,CONS,MID,3,3,7,7,IC CH CC DM Redesign,26,26 IC CH CC DM Redesign MID,91BF4V25,0,0,1,TRUE
756,Photoshop1-23-OSX,Photoshop,CONS,NO USAGE,3,3,7,7,IC CH CC DM Redesign,26,26 IC CH CC DM Redesign NO USAGE,91BF4V25,0,0,1,TRUE
764,Photoshop1-23-OSX,Photoshop,CONS,HIGH,3,3,7,7,IC TH CC DM Redesign,27,27 IC TH CC DM Redesign HIGH,952G4QB4,0,0,1,TRUE
764,Photoshop1-23-OSX,Photoshop,CONS,LOW,3,3,7,7,IC TH CC DM Redesign,27,27 IC TH CC DM Redesign LOW,952G4QB4,0,0,1,TRUE
764,Photoshop1-23-OSX,Photoshop,CONS,MID,3,3,7,7,IC TH CC DM Redesign,27,27 IC TH CC DM Redesign MID,952G4QB4,0,0,1,TRUE
764,Photoshop1-23-OSX,Photoshop,CONS,NO USAGE,3,3,7,7,IC TH CC DM Redesign,27,27 IC TH CC DM Redesign NO USAGE,952G4QB4,0,0,1,TRUE
784,Photoshop1-23-OSX,Photoshop,CONS,HIGH,3,3,7,7,IC AE CC DM Redesign,28,28 IC AE CC DM Redesign HIGH,98SH4LL3,0,0,1,TRUE
784,Photoshop1-23-OSX,Photoshop,CONS,LOW,3,3,7,7,IC AE CC DM Redesign,28,28 IC AE CC DM Redesign LOW,98SH4LL3,0,0,1,TRUE
784,Photoshop1-23-OSX,Photoshop,CONS,MID,3,3,7,7,IC AE CC DM Redesign,28,28 IC AE CC DM Redesign MID,98SH4LL3,0,0,1,TRUE
784,Photoshop1-23-OSX,Photoshop,CONS,NO USAGE,3,3,7,7,IC AE CC DM Redesign,28,28 IC AE CC DM Redesign NO USAGE,98SH4LL3,0,0,1,TRUE
792,Photoshop1-23-OSX,Photoshop,CONS,HIGH,3,3,7,7,IC TR CC DM Redesign,29,29 IC TR CC DM Redesign HIGH,9DJJ4GV2,0,0,1,TRUE
792,Photoshop1-23-OSX,Photoshop,CONS,LOW,3,3,7,7,IC TR CC DM Redesign,29,29 IC TR CC DM Redesign LOW,9DJJ4GV2,0,0,1,TRUE
792,Photoshop1-23-OSX,Photoshop,CONS,MID,3,3,7,7,IC TR CC DM Redesign,29,29 IC TR CC DM Redesign MID,9DJJ4GV2,0,0,1,TRUE
818,Photoshop1-23-OSX,Photoshop,CONS,HIGH,3,3,7,7,IC EG CC DM Redesign,30,30 IC EG CC DM Redesign HIGH,9J8K4C41,0,0,1,TRUE
818,Photoshop1-23-OSX,Photoshop,CONS,LOW,3,3,7,7,IC EG CC DM Redesign,30,30 IC EG CC DM Redesign LOW,9J8K4C41,0,0,1,TRUE
818,Photoshop1-23-OSX,Photoshop,CONS,MID,3,3,7,7,IC EG CC DM Redesign,30,30 IC EG CC DM Redesign MID,9J8K4C41,0,0,1,TRUE