country_code,appkey,product_type,segment,usage_type,popup_cx_version,consent_cx_version,banner_cx_version,hs_cx_version,launch_description,launch_id,campaign_description,external_campaign,test_machine_flag,ab_test_flag,app_termination_flag,in_use
12,Illustrator1-26-OSX,Illustrator,CONS,HIGH,3,3,3,3,DZ ILLUSTRATOR DM Redesign High Frequency,32,32 IC DZ CC DM Redesign HIGH,9RQM43MY,0,0,1,TRUE
12,Illustrator1-26-OSX,Illustrator,CONS,LOW,3,3,3,3,DZ ILLUSTRATOR DM Redesign Low Frequency,32,32 IC DZ CC DM Redesign LOW,9RQM43MY,0,0,1,TRUE
12,Illustrator1-26-OSX,Illustrator,CONS,MID,3,3,3,3,DZ ILLUSTRATOR DM Redesign Mid Frequency,32,32 IC DZ CC DM Redesign MID,9RQM43MY,0,0,1,TRUE
12,Illustrator1-26-OSX,Illustrator,CONS,NO USAGE,3,3,3,3,DZ ILLUSTRATOR DM Redesign No usage Frequency,32,32 IC DZ CC DM Redesign NO USAGE,9RQM43MY,0,0,1,TRUE
12,Illustrator1-26-WIN,Illustrator,CONS,HIGH,3,3,3,3,DZ ILLUSTRATOR DM Redesign High Frequency,32,32 IC DZ CC DM Redesign HIGH,9RQM43MY,0,0,1,TRUE
12,Illustrator1-26-WIN,Illustrator,CONS,LOW,3,3,3,3,DZ ILLUSTRATOR DM Redesign Low Frequency,32,32 IC DZ CC DM Redesign LOW,9RQM43MY,0,0,1,TRUE
12,Illustrator1-26-WIN,Illustrator,CONS,MID,3,3,3,3,DZ ILLUSTRATOR DM Redesign Mid Frequency,32,32 IC DZ CC DM Redesign MID,9RQM43MY,0,0,1,TRUE
12,Illustrator1-26-WIN,Illustrator,CONS,NO USAGE,3,3,3,3,DZ ILLUSTRATOR DM Redesign No usage Frequency,32,32 IC DZ CC DM Redesign NO USAGE,9RQM43MY,0,0,1,TRUE
12,LightroomClassic1-11-OSX,Lightroom,CONS,HIGH,3,3,5,5,DZ LIGHTROOM DM Redesign High Frequency,60,60 IC DZ CC DM Redesign HIGH,F89JZM31,0,0,1,TRUE
12,LightroomClassic1-11-OSX,Lightroom,CONS,LOW,3,3,5,5,DZ LIGHTROOM DM Redesign Low Frequency,60,60 IC DZ CC DM Redesign LOW,F89JZM31,0,0,1,TRUE
12,LightroomClassic1-11-OSX,Lightroom,CONS,MID,3,3,5,5,DZ LIGHTROOM DM Redesign Mid Frequency,60,60 IC DZ CC DM Redesign MID,F89JZM31,0,0,1,TRUE
12,LightroomClassic1-11-OSX,Lightroom,CONS,NO USAGE,3,3,5,5,DZ LIGHTROOM DM Redesign No usage Frequency,60,60 IC DZ CC DM Redesign NO USAGE,F89JZM31,0,0,1,TRUE
12,LightroomClassic1-11-WIN,Lightroom,CONS,HIGH,3,3,5,5,DZ LIGHTROOM DM Redesign High Frequency,60,60 IC DZ CC DM Redesign HIGH,F89JZM31,0,0,1,TRUE
12,LightroomClassic1-11-WIN,Lightroom,CONS,LOW,3,3,5,5,DZ LIGHTROOM DM Redesign Low Frequency,60,60 IC DZ CC DM Redesign LOW,F89JZM31,0,0,1,TRUE
12,LightroomClassic1-11-WIN,Lightroom,CONS,MID,3,3,5,5,DZ LIGHTROOM DM Redesign Mid Frequency,60,60 IC DZ CC DM Redesign MID,F89JZM31,0,0,1,TRUE
12,LightroomClassic1-11-WIN,Lightroom,CONS,NO USAGE,3,3,5,5,DZ LIGHTROOM DM Redesign No usage Frequency,60,60 IC DZ CC DM Redesign NO USAGE,F89JZM31,0,0,1,TRUE
12,Photoshop1-23-WIN,Photoshop,CONS,HIGH,3,3,7,7,DZ PHOTOSHOP DM Redesign High Frequency,10,10 IC DZ CC DM Redesign HIGH,71KW6TSP,0,0,1,TRUE
12,Photoshop1-23-WIN,Photoshop,CONS,LOW,3,3,7,7,DZ PHOTOSHOP DM Redesign Low Frequency,10,10 IC DZ CC DM Redesign LOW,71KW6TSP,0,0,1,TRUE
12,Photoshop1-23-WIN,Photoshop,CONS,MID,3,3,7,7,DZ PHOTOSHOP DM Redesign Mid Frequency,10,10 IC DZ CC DM Redesign MID,71KW6TSP,0,0,1,TRUE
12,Photoshop1-23-WIN,Photoshop,CONS,NO USAGE,3,3,7,7,DZ PHOTOSHOP DM Redesign No usage Frequency,10,10 IC DZ CC DM Redesign NO USAGE,71KW6TSP,0,0,1,TRUE
152,Illustrator1-26-OSX,Illustrator,CONS,HIGH,3,3,3,3,CL ILLUSTRATOR DM Redesign High Frequency,37,37 IC CL CC DM Redesign HIGH,BDDS3GYS,0,0,1,TRUE
152,Illustrator1-26-OSX,Illustrator,CONS,LOW,3,3,3,3,CL ILLUSTRATOR DM Redesign Low Frequency,37,37 IC CL CC DM Redesign LOW,BDDS3GYS,0,0,1,TRUE
152,Illustrator1-26-OSX,Illustrator,CONS,MID,3,3,3,3,CL ILLUSTRATOR DM Redesign Mid Frequency,37,37 IC CL CC DM Redesign MID,BDDS3GYS,0,0,1,TRUE
152,Illustrator1-26-OSX,Illustrator,CONS,NO USAGE,3,3,3,3,CL ILLUSTRATOR DM Redesign No usage Frequency,37,37 IC CL CC DM Redesign NO USAGE,BDDS3GYS,0,0,1,TRUE
152,Illustrator1-26-WIN,Illustrator,CONS,HIGH,3,3,3,3,CL ILLUSTRATOR DM Redesign High Frequency,37,37 IC CL CC DM Redesign HIGH,BDDS3GYS,0,0,1,TRUE
152,Illustrator1-26-WIN,Illustrator,CONS,LOW,3,3,3,3,CL ILLUSTRATOR DM Redesign Low Frequency,37,37 IC CL CC DM Redesign LOW,BDDS3GYS,0,0,1,TRUE
152,Illustrator1-26-WIN,Illustrator,CONS,MID,3,3,3,3,CL ILLUSTRATOR DM Redesign Mid Frequency,37,37 IC CL CC DM Redesign MID,BDDS3GYS,0,0,1,TRUE
152,Illustrator1-26-WIN,Illustrator,CONS,NO USAGE,3,3,3,3,CL ILLUSTRATOR DM Redesign No usage Frequency,37,37 IC CL CC DM Redesign NO USAGE,BDDS3GYS,0,0,1,TRUE
152,LightroomClassic1-11-OSX,Lightroom,CONS,HIGH,3,3,5,5,CL LIGHTROOM DM Redesign High Frequency,65,65 IC CL CC DM Redesign HIGH,LQLZT4RK,0,0,1,TRUE
152,LightroomClassic1-11-OSX,Lightroom,CONS,LOW,3,3,5,5,CL LIGHTROOM DM Redesign Low Frequency,65,65 IC CL CC DM Redesign LOW,LQLZT4RK,0,0,1,TRUE
152,LightroomClassic1-11-OSX,Lightroom,CONS,MID,3,3,5,5,CL LIGHTROOM DM Redesign Mid Frequency,65,65 IC CL CC DM Redesign MID,LQLZT4RK,0,0,1,TRUE
152,LightroomClassic1-11-OSX,Lightroom,CONS,NO USAGE,3,3,5,5,CL LIGHTROOM DM Redesign No usage Frequency,65,65 IC CL CC DM Redesign NO USAGE,LQLZT4RK,0,0,1,TRUE
152,LightroomClassic1-11-WIN,Lightroom,CONS,HIGH,3,3,5,5,CL LIGHTROOM DM Redesign High Frequency,65,65 IC CL CC DM Redesign HIGH,LQLZT4RK,0,0,1,TRUE
152,LightroomClassic1-11-WIN,Lightroom,CONS,LOW,3,3,5,5,CL LIGHTROOM DM Redesign Low Frequency,65,65 IC CL CC DM Redesign LOW,LQLZT4RK,0,0,1,TRUE
152,LightroomClassic1-11-WIN,Lightroom,CONS,MID,3,3,5,5,CL LIGHTROOM DM Redesign Mid Frequency,65,65 IC CL CC DM Redesign MID,LQLZT4RK,0,0,1,TRUE
152,LightroomClassic1-11-WIN,Lightroom,CONS,NO USAGE,3,3,5,5,CL LIGHTROOM DM Redesign No usage Frequency,65,65 IC CL CC DM Redesign NO USAGE,LQLZT4RK,0,0,1,TRUE
152,Photoshop1-23-WIN,Photoshop,CONS,HIGH,3,3,7,7,CL PHOTOSHOP DM Redesign High Frequency,14,14 IC CL CC DM Redesign HIGH,7JJ16BVK,0,0,1,TRUE
152,Photoshop1-23-WIN,Photoshop,CONS,LOW,3,3,7,7,CL PHOTOSHOP DM Redesign Low Frequency,14,14 IC CL CC DM Redesign LOW,7JJ16BVK,0,0,1,TRUE
152,Photoshop1-23-WIN,Photoshop,CONS,MID,3,3,7,7,CL PHOTOSHOP DM Redesign Mid Frequency,14,14 IC CL CC DM Redesign MID,7JJ16BVK,0,0,1,TRUE
152,Photoshop1-23-WIN,Photoshop,CONS,NO USAGE,3,3,7,7,CL PHOTOSHOP DM Redesign No usage Frequency,14,14 IC CL CC DM Redesign NO USAGE,7JJ16BVK,0,0,1,TRUE
170,Illustrator1-26-OSX,Illustrator,CONS,HIGH,3,3,3,3,CO ILLUSTRATOR DM Redesign High Frequency,38,38 IC CO CC DM Redesign HIGH,BJ4T3C7R,0,0,1,TRUE
170,Illustrator1-26-OSX,Illustrator,CONS,LOW,3,3,3,3,CO ILLUSTRATOR DM Redesign Low Frequency,38,38 IC CO CC DM Redesign LOW,BJ4T3C7R,0,0,1,TRUE
170,Illustrator1-26-OSX,Illustrator,CONS,MID,3,3,3,3,CO ILLUSTRATOR DM Redesign Mid Frequency,38,38 IC CO CC DM Redesign MID,BJ4T3C7R,0,0,1,TRUE
170,Illustrator1-26-OSX,Illustrator,CONS,NO USAGE,3,3,3,3,CO ILLUSTRATOR DM Redesign No usage Frequency,38,38 IC CO CC DM Redesign NO USAGE,BJ4T3C7R,0,0,1,TRUE
170,Illustrator1-26-WIN,Illustrator,CONS,HIGH,3,3,3,3,CO ILLUSTRATOR DM Redesign High Frequency,38,38 IC CO CC DM Redesign HIGH,BJ4T3C7R,0,0,1,TRUE
170,Illustrator1-26-WIN,Illustrator,CONS,LOW,3,3,3,3,CO ILLUSTRATOR DM Redesign Low Frequency,38,38 IC CO CC DM Redesign LOW,BJ4T3C7R,0,0,1,TRUE
170,Illustrator1-26-WIN,Illustrator,CONS,MID,3,3,3,3,CO ILLUSTRATOR DM Redesign Mid Frequency,38,38 IC CO CC DM Redesign MID,BJ4T3C7R,0,0,1,TRUE
170,Illustrator1-26-WIN,Illustrator,CONS,NO USAGE,3,3,3,3,CO ILLUSTRATOR DM Redesign No usage Frequency,38,38 IC CO CC DM Redesign NO USAGE,BJ4T3C7R,0,0,1,TRUE
170,LightroomClassic1-11-OSX,Lightroom,CONS,HIGH,3,3,5,5,CO LIGHTROOM DM Redesign High Frequency,66,66 IC CO CC DM Redesign HIGH,NYTLQWJY,0,0,1,TRUE
170,LightroomClassic1-11-OSX,Lightroom,CONS,LOW,3,3,5,5,CO LIGHTROOM DM Redesign Low Frequency,66,66 IC CO CC DM Redesign LOW,NYTLQWJY,0,0,1,TRUE
170,LightroomClassic1-11-OSX,Lightroom,CONS,MID,3,3,5,5,CO LIGHTROOM DM Redesign Mid Frequency,66,66 IC CO CC DM Redesign MID,NYTLQWJY,0,0,1,TRUE
170,LightroomClassic1-11-OSX,Lightroom,CONS,NO USAGE,3,3,5,5,CO LIGHTROOM DM Redesign No usage Frequency,66,66 IC CO CC DM Redesign NO USAGE,NYTLQWJY,0,0,1,TRUE
170,LightroomClassic1-11-WIN,Lightroom,CONS,HIGH,3,3,5,5,CO LIGHTROOM DM Redesign High Frequency,66,66 IC CO CC DM Redesign HIGH,NYTLQWJY,0,0,1,TRUE
170,LightroomClassic1-11-WIN,Lightroom,CONS,LOW,3,3,5,5,CO LIGHTROOM DM Redesign Low Frequency,66,66 IC CO CC DM Redesign LOW,NYTLQWJY,0,0,1,TRUE
170,LightroomClassic1-11-WIN,Lightroom,CONS,MID,3,3,5,5,CO LIGHTROOM DM Redesign Mid Frequency,66,66 IC CO CC DM Redesign MID,NYTLQWJY,0,0,1,TRUE
170,LightroomClassic1-11-WIN,Lightroom,CONS,NO USAGE,3,3,5,5,CO LIGHTROOM DM Redesign No usage Frequency,66,66 IC CO CC DM Redesign NO USAGE,NYTLQWJY,0,0,1,TRUE
170,Photoshop1-23-WIN,Photoshop,CONS,HIGH,3,3,7,7,CO PHOTOSHOP DM Redesign High Frequency,15,15 IC CO CC DM Redesign HIGH,7N82674J,0,0,1,TRUE
170,Photoshop1-23-WIN,Photoshop,CONS,LOW,3,3,7,7,CO PHOTOSHOP DM Redesign Low Frequency,15,15 IC CO CC DM Redesign LOW,7N82674J,0,0,1,TRUE
170,Photoshop1-23-WIN,Photoshop,CONS,MID,3,3,7,7,CO PHOTOSHOP DM Redesign Mid Frequency,15,15 IC CO CC DM Redesign MID,7N82674J,0,0,1,TRUE
170,Photoshop1-23-WIN,Photoshop,CONS,NO USAGE,3,3,7,7,CO PHOTOSHOP DM Redesign No usage Frequency,15,15 IC CO CC DM Redesign NO USAGE,7N82674J,0,0,1,TRUE
32,Illustrator1-26-OSX,Illustrator,CONS,HIGH,3,3,3,3,AR ILLUSTRATOR DM Redesign High Frequency,33,33 IC AR CC DM Redesign HIGH,9WGN3YWX,0,0,1,TRUE
32,Illustrator1-26-OSX,Illustrator,CONS,LOW,3,3,3,3,AR ILLUSTRATOR DM Redesign Low Frequency,33,33 IC AR CC DM Redesign LOW,9WGN3YWX,0,0,1,TRUE
32,Illustrator1-26-OSX,Illustrator,CONS,MID,3,3,3,3,AR ILLUSTRATOR DM Redesign Mid Frequency,33,33 IC AR CC DM Redesign MID,9WGN3YWX,0,0,1,TRUE
32,Illustrator1-26-OSX,Illustrator,CONS,NO USAGE,3,3,3,3,AR ILLUSTRATOR DM Redesign No usage Frequency,33,33 IC AR CC DM Redesign NO USAGE,9WGN3YWX,0,0,1,TRUE
32,Illustrator1-26-WIN,Illustrator,CONS,HIGH,3,3,3,3,AR ILLUSTRATOR DM Redesign High Frequency,33,33 IC AR CC DM Redesign HIGH,9WGN3YWX,0,0,1,TRUE
32,Illustrator1-26-WIN,Illustrator,CONS,LOW,3,3,3,3,AR ILLUSTRATOR DM Redesign Low Frequency,33,33 IC AR CC DM Redesign LOW,9WGN3YWX,0,0,1,TRUE
32,Illustrator1-26-WIN,Illustrator,CONS,MID,3,3,3,3,AR ILLUSTRATOR DM Redesign Mid Frequency,33,33 IC AR CC DM Redesign MID,9WGN3YWX,0,0,1,TRUE
32,Illustrator1-26-WIN,Illustrator,CONS,NO USAGE,3,3,3,3,AR ILLUSTRATOR DM Redesign No usage Frequency,33,33 IC AR CC DM Redesign NO USAGE,9WGN3YWX,0,0,1,TRUE
32,LightroomClassic1-11-OSX,Lightroom,CONS,HIGH,3,3,5,5,AR LIGHTROOM DM Redesign High Frequency,61,61 IC AR CC DM Redesign HIGH,FD1KZHBZ,0,0,1,TRUE
32,LightroomClassic1-11-OSX,Lightroom,CONS,LOW,3,3,5,5,AR LIGHTROOM DM Redesign Low Frequency,61,61 IC AR CC DM Redesign LOW,FD1KZHBZ,0,0,1,TRUE
32,LightroomClassic1-11-OSX,Lightroom,CONS,MID,3,3,5,5,AR LIGHTROOM DM Redesign Mid Frequency,61,61 IC AR CC DM Redesign MID,FD1KZHBZ,0,0,1,TRUE
32,LightroomClassic1-11-OSX,Lightroom,CONS,NO USAGE,3,3,5,5,AR LIGHTROOM DM Redesign No usage Frequency,61,61 IC AR CC DM Redesign NO USAGE,FD1KZHBZ,0,0,1,TRUE
32,LightroomClassic1-11-WIN,Lightroom,CONS,HIGH,3,3,5,5,AR LIGHTROOM DM Redesign High Frequency,61,61 IC AR CC DM Redesign HIGH,FD1KZHBZ,0,0,1,TRUE
32,LightroomClassic1-11-WIN,Lightroom,CONS,LOW,3,3,5,5,AR LIGHTROOM DM Redesign Low Frequency,61,61 IC AR CC DM Redesign LOW,FD1KZHBZ,0,0,1,TRUE
32,LightroomClassic1-11-WIN,Lightroom,CONS,MID,3,3,5,5,AR LIGHTROOM DM Redesign Mid Frequency,61,61 IC AR CC DM Redesign MID,FD1KZHBZ,0,0,1,TRUE
32,LightroomClassic1-11-WIN,Lightroom,CONS,NO USAGE,3,3,5,5,AR LIGHTROOM DM Redesign No usage Frequency,61,61 IC AR CC DM Redesign NO USAGE,FD1KZHBZ,0,0,1,TRUE
32,Photoshop1-23-WIN,Photoshop,CONS,HIGH,3,3,7,7,AR PHOTOSHOP DM Redesign High Frequency,11,11 IC AR CC DM Redesign HIGH,759X6Q2N,0,0,1,TRUE
32,Photoshop1-23-WIN,Photoshop,CONS,LOW,3,3,7,7,AR PHOTOSHOP DM Redesign Low Frequency,11,11 IC AR CC DM Redesign LOW,759X6Q2N,0,0,1,TRUE
32,Photoshop1-23-WIN,Photoshop,CONS,MID,3,3,7,7,AR PHOTOSHOP DM Redesign Mid Frequency,11,11 IC AR CC DM Redesign MID,759X6Q2N,0,0,1,TRUE
32,Photoshop1-23-WIN,Photoshop,CONS,NO USAGE,3,3,7,7,AR PHOTOSHOP DM Redesign No usage Frequency,11,11 IC AR CC DM Redesign NO USAGE,759X6Q2N,0,0,1,TRUE
36,Illustrator1-26-OSX,Illustrator,CONS,HIGH,4,4,4,4,AU ILLUSTRATOR DM Redesign High Frequency,56,56 IC AU CC DM Redesign HIGH,DRCF1415,0,0,1,TRUE
36,Illustrator1-26-OSX,Illustrator,CONS,LOW,3,3,3,3,AU ILLUSTRATOR DM Redesign Low Frequency,34,34 IC AU CC DM Redesign LOW,B16P3V5W,0,0,1,TRUE
36,Illustrator1-26-OSX,Illustrator,CONS,MID,3,3,3,3,AU ILLUSTRATOR DM Redesign Mid Frequency,34,34 IC AU CC DM Redesign MID,B16P3V5W,0,0,1,TRUE
36,Illustrator1-26-OSX,Illustrator,CONS,NO USAGE,3,3,3,3,AU ILLUSTRATOR DM Redesign No usage Frequency,34,34 IC AU CC DM Redesign NO USAGE,B16P3V5W,0,0,1,TRUE
36,Illustrator1-26-WIN,Illustrator,CONS,HIGH,4,4,4,4,AU ILLUSTRATOR DM Redesign High Frequency,56,56 IC AU CC DM Redesign HIGH,DRCF1415,0,0,1,TRUE
36,Illustrator1-26-WIN,Illustrator,CONS,LOW,3,3,3,3,AU ILLUSTRATOR DM Redesign Low Frequency,34,34 IC AU CC DM Redesign LOW,B16P3V5W,0,0,1,TRUE
36,Illustrator1-26-WIN,Illustrator,CONS,MID,3,3,3,3,AU ILLUSTRATOR DM Redesign Mid Frequency,34,34 IC AU CC DM Redesign MID,B16P3V5W,0,0,1,TRUE
36,Illustrator1-26-WIN,Illustrator,CONS,NO USAGE,3,3,3,3,AU ILLUSTRATOR DM Redesign No usage Frequency,34,34 IC AU CC DM Redesign NO USAGE,B16P3V5W,0,0,1,TRUE
36,LightroomClassic1-11-OSX,Lightroom,CONS,HIGH,4,4,6,6,AU LIGHTROOM DM Redesign High Frequency,84,84 IC AU CC DM Redesign HIGH,WG1BJFC7,0,0,1,TRUE
36,LightroomClassic1-11-OSX,Lightroom,CONS,LOW,3,3,5,5,AU LIGHTROOM DM Redesign Low Frequency,62,62 IC AU CC DM Redesign LOW,FHRLZCLY,0,0,1,TRUE
36,LightroomClassic1-11-OSX,Lightroom,CONS,MID,3,3,5,5,AU LIGHTROOM DM Redesign Mid Frequency,62,62 IC AU CC DM Redesign MID,FHRLZCLY,0,0,1,TRUE
36,LightroomClassic1-11-OSX,Lightroom,CONS,NO USAGE,3,3,5,5,AU LIGHTROOM DM Redesign No usage Frequency,62,62 IC AU CC DM Redesign NO USAGE,FHRLZCLY,0,0,1,TRUE
36,LightroomClassic1-11-WIN,Lightroom,CONS,HIGH,4,4,6,6,AU LIGHTROOM DM Redesign High Frequency,84,84 IC AU CC DM Redesign HIGH,WG1BJFC7,0,0,1,TRUE
36,LightroomClassic1-11-WIN,Lightroom,CONS,LOW,3,3,5,5,AU LIGHTROOM DM Redesign Low Frequency,62,62 IC AU CC DM Redesign LOW,FHRLZCLY,0,0,1,TRUE
36,LightroomClassic1-11-WIN,Lightroom,CONS,MID,3,3,5,5,AU LIGHTROOM DM Redesign Mid Frequency,62,62 IC AU CC DM Redesign MID,FHRLZCLY,0,0,1,TRUE
36,LightroomClassic1-11-WIN,Lightroom,CONS,NO USAGE,3,3,5,5,AU LIGHTROOM DM Redesign No usage Frequency,62,62 IC AU CC DM Redesign NO USAGE,FHRLZCLY,0,0,1,TRUE
36,Photoshop1-23-WIN,Photoshop,CONS,HIGH,4,4,8,8,AU PHOTOSHOP DM Redesign High Frequency,31,31 IC AU CC DM Redesign HIGH,9MZL47CZ,0,0,1,TRUE
36,Photoshop1-23-WIN,Photoshop,CONS,LOW,3,3,7,7,AU PHOTOSHOP DM Redesign Low Frequency,12,12 IC AU CC DM Redesign LOW,791Y6LBM,0,0,1,TRUE
36,Photoshop1-23-WIN,Photoshop,CONS,MID,3,3,7,7,AU PHOTOSHOP DM Redesign Mid Frequency,12,12 IC AU CC DM Redesign MID,791Y6LBM,0,0,1,TRUE
36,Photoshop1-23-WIN,Photoshop,CONS,NO USAGE,3,3,7,7,AU PHOTOSHOP DM Redesign No usage Frequency,12,12 IC AU CC DM Redesign NO USAGE,791Y6LBM,0,0,1,TRUE
392,Illustrator1-26-OSX,Illustrator,CONS,HIGH,3,3,3,3,JP ILLUSTRATOR DM Redesign High Frequency,39,39 IC JP CC DM Redesign HIGH,BMVV37HQ,0,0,1,TRUE
392,Illustrator1-26-OSX,Illustrator,CONS,LOW,3,3,3,3,JP ILLUSTRATOR DM Redesign Low Frequency,39,39 IC JP CC DM Redesign LOW,BMVV37HQ,0,0,1,TRUE
392,Illustrator1-26-OSX,Illustrator,CONS,MID,3,3,3,3,JP ILLUSTRATOR DM Redesign Mid Frequency,39,39 IC JP CC DM Redesign MID,BMVV37HQ,0,0,1,TRUE
392,Illustrator1-26-OSX,Illustrator,CONS,NO USAGE,3,3,3,3,JP ILLUSTRATOR DM Redesign No usage Frequency,39,39 IC JP CC DM Redesign NO USAGE,BMVV37HQ,0,0,1,TRUE
392,Illustrator1-26-WIN,Illustrator,CONS,HIGH,3,3,3,3,JP ILLUSTRATOR DM Redesign High Frequency,39,39 IC JP CC DM Redesign HIGH,BMVV37HQ,0,0,1,TRUE
392,Illustrator1-26-WIN,Illustrator,CONS,LOW,3,3,3,3,JP ILLUSTRATOR DM Redesign Low Frequency,39,39 IC JP CC DM Redesign LOW,BMVV37HQ,0,0,1,TRUE
392,Illustrator1-26-WIN,Illustrator,CONS,MID,3,3,3,3,JP ILLUSTRATOR DM Redesign Mid Frequency,39,39 IC JP CC DM Redesign MID,BMVV37HQ,0,0,1,TRUE
392,Illustrator1-26-WIN,Illustrator,CONS,NO USAGE,3,3,3,3,JP ILLUSTRATOR DM Redesign No usage Frequency,39,39 IC JP CC DM Redesign NO USAGE,BMVV37HQ,0,0,1,TRUE
392,LightroomClassic1-11-OSX,Lightroom,CONS,HIGH,3,3,5,5,JP LIGHTROOM DM Redesign High Frequency,67,67 IC JP CC DM Redesign HIGH,S36FMS64,0,0,1,TRUE
392,LightroomClassic1-11-OSX,Lightroom,CONS,LOW,3,3,5,5,JP LIGHTROOM DM Redesign Low Frequency,67,67 IC JP CC DM Redesign LOW,S36FMS64,0,0,1,TRUE
392,LightroomClassic1-11-OSX,Lightroom,CONS,MID,3,3,5,5,JP LIGHTROOM DM Redesign Mid Frequency,67,67 IC JP CC DM Redesign MID,S36FMS64,0,0,1,TRUE
392,LightroomClassic1-11-OSX,Lightroom,CONS,NO USAGE,3,3,5,5,JP LIGHTROOM DM Redesign No usage Frequency,67,67 IC JP CC DM Redesign NO USAGE,S36FMS64,0,0,1,TRUE
392,LightroomClassic1-11-WIN,Lightroom,CONS,HIGH,3,3,5,5,JP LIGHTROOM DM Redesign High Frequency,67,67 IC JP CC DM Redesign HIGH,S36FMS64,0,0,1,TRUE
392,LightroomClassic1-11-WIN,Lightroom,CONS,LOW,3,3,5,5,JP LIGHTROOM DM Redesign Low Frequency,67,67 IC JP CC DM Redesign LOW,S36FMS64,0,0,1,TRUE
392,LightroomClassic1-11-WIN,Lightroom,CONS,MID,3,3,5,5,JP LIGHTROOM DM Redesign Mid Frequency,67,67 IC JP CC DM Redesign MID,S36FMS64,0,0,1,TRUE
392,LightroomClassic1-11-WIN,Lightroom,CONS,NO USAGE,3,3,5,5,JP LIGHTROOM DM Redesign No usage Frequency,67,67 IC JP CC DM Redesign NO USAGE,S36FMS64,0,0,1,TRUE
392,Photoshop1-23-WIN,Photoshop,CONS,HIGH,3,3,7,7,JP PHOTOSHOP DM Redesign High Frequency,16,16 IC JP CC DM Redesign HIGH,7RZ363DH,0,0,1,TRUE
392,Photoshop1-23-WIN,Photoshop,CONS,LOW,3,3,7,7,JP PHOTOSHOP DM Redesign Low Frequency,16,16 IC JP CC DM Redesign LOW,7RZ363DH,0,0,1,TRUE
392,Photoshop1-23-WIN,Photoshop,CONS,MID,3,3,7,7,JP PHOTOSHOP DM Redesign Mid Frequency,16,16 IC JP CC DM Redesign MID,7RZ363DH,0,0,1,TRUE
392,Photoshop1-23-WIN,Photoshop,CONS,NO USAGE,3,3,7,7,JP PHOTOSHOP DM Redesign No usage Frequency,16,16 IC JP CC DM Redesign NO USAGE,7RZ363DH,0,0,1,TRUE
400,Illustrator1-26-OSX,Illustrator,CONS,HIGH,3,3,3,3,JO ILLUSTRATOR DM Redesign High Frequency,40,40 IC JO CC DM Redesign HIGH,BRLW33RP,0,0,1,TRUE
400,Illustrator1-26-OSX,Illustrator,CONS,LOW,3,3,3,3,JO ILLUSTRATOR DM Redesign Low Frequency,40,40 IC JO CC DM Redesign LOW,BRLW33RP,0,0,1,TRUE
400,Illustrator1-26-OSX,Illustrator,CONS,MID,3,3,3,3,JO ILLUSTRATOR DM Redesign Mid Frequency,40,40 IC JO CC DM Redesign MID,BRLW33RP,0,0,1,TRUE
400,Illustrator1-26-OSX,Illustrator,CONS,NO USAGE,3,3,3,3,JO ILLUSTRATOR DM Redesign No usage Frequency,40,40 IC JO CC DM Redesign NO USAGE,BRLW33RP,0,0,1,TRUE
400,Illustrator1-26-WIN,Illustrator,CONS,HIGH,3,3,3,3,JO ILLUSTRATOR DM Redesign High Frequency,40,40 IC JO CC DM Redesign HIGH,BRLW33RP,0,0,1,TRUE
400,Illustrator1-26-WIN,Illustrator,CONS,LOW,3,3,3,3,JO ILLUSTRATOR DM Redesign Low Frequency,40,40 IC JO CC DM Redesign LOW,BRLW33RP,0,0,1,TRUE
400,Illustrator1-26-WIN,Illustrator,CONS,MID,3,3,3,3,JO ILLUSTRATOR DM Redesign Mid Frequency,40,40 IC JO CC DM Redesign MID,BRLW33RP,0,0,1,TRUE
400,Illustrator1-26-WIN,Illustrator,CONS,NO USAGE,3,3,3,3,JO ILLUSTRATOR DM Redesign No usage Frequency,40,40 IC JO CC DM Redesign NO USAGE,BRLW33RP,0,0,1,TRUE
400,LightroomClassic1-11-OSX,Lightroom,CONS,HIGH,3,3,5,5,JO LIGHTROOM DM Redesign High Frequency,68,68 IC JO CC DM Redesign HIGH,TG8SLF3R,0,0,1,TRUE
400,LightroomClassic1-11-OSX,Lightroom,CONS,LOW,3,3,5,5,JO LIGHTROOM DM Redesign Low Frequency,68,68 IC JO CC DM Redesign LOW,TG8SLF3R,0,0,1,TRUE
400,LightroomClassic1-11-OSX,Lightroom,CONS,MID,3,3,5,5,JO LIGHTROOM DM Redesign Mid Frequency,68,68 IC JO CC DM Redesign MID,TG8SLF3R,0,0,1,TRUE
400,LightroomClassic1-11-OSX,Lightroom,CONS,NO USAGE,3,3,5,5,JO LIGHTROOM DM Redesign No usage Frequency,68,68 IC JO CC DM Redesign NO USAGE,TG8SLF3R,0,0,1,TRUE
400,LightroomClassic1-11-WIN,Lightroom,CONS,HIGH,3,3,5,5,JO LIGHTROOM DM Redesign High Frequency,68,68 IC JO CC DM Redesign HIGH,TG8SLF3R,0,0,1,TRUE
400,LightroomClassic1-11-WIN,Lightroom,CONS,LOW,3,3,5,5,JO LIGHTROOM DM Redesign Low Frequency,68,68 IC JO CC DM Redesign LOW,TG8SLF3R,0,0,1,TRUE
400,LightroomClassic1-11-WIN,Lightroom,CONS,MID,3,3,5,5,JO LIGHTROOM DM Redesign Mid Frequency,68,68 IC JO CC DM Redesign MID,TG8SLF3R,0,0,1,TRUE
400,LightroomClassic1-11-WIN,Lightroom,CONS,NO USAGE,3,3,5,5,JO LIGHTROOM DM Redesign No usage Frequency,68,68 IC JO CC DM Redesign NO USAGE,TG8SLF3R,0,0,1,TRUE
400,Photoshop1-23-WIN,Photoshop,CONS,HIGH,3,3,7,7,JO PHOTOSHOP DM Redesign High Frequency,17,17 IC JO CC DM Redesign HIGH,7WQ45YNG,0,0,1,TRUE
400,Photoshop1-23-WIN,Photoshop,CONS,LOW,3,3,7,7,JO PHOTOSHOP DM Redesign Low Frequency,17,17 IC JO CC DM Redesign LOW,7WQ45YNG,0,0,1,TRUE
400,Photoshop1-23-WIN,Photoshop,CONS,MID,3,3,7,7,JO PHOTOSHOP DM Redesign Mid Frequency,17,17 IC JO CC DM Redesign MID,7WQ45YNG,0,0,1,TRUE
400,Photoshop1-23-WIN,Photoshop,CONS,NO USAGE,3,3,7,7,JO PHOTOSHOP DM Redesign No usage Frequency,17,17 IC JO CC DM Redesign NO USAGE,7WQ45YNG,0,0,1,TRUE
410,Illustrator1-26-OSX,Illustrator,CONS,HIGH,3,3,3,3,KR ILLUSTRATOR DM Redesign High Frequency,41,41 IC KR CC DM Redesign HIGH,BWBX2Z1N,0,0,1,TRUE
410,Illustrator1-26-OSX,Illustrator,CONS,LOW,3,3,3,3,KR ILLUSTRATOR DM Redesign Low Frequency,41,41 IC KR CC DM Redesign LOW,BWBX2Z1N,0,0,1,TRUE
410,Illustrator1-26-OSX,Illustrator,CONS,MID,3,3,3,3,KR ILLUSTRATOR DM Redesign Mid Frequency,41,41 IC KR CC DM Redesign MID,BWBX2Z1N,0,0,1,TRUE
410,Illustrator1-26-OSX,Illustrator,CONS,NO USAGE,3,3,3,3,KR ILLUSTRATOR DM Redesign No usage Frequency,41,41 IC KR CC DM Redesign NO USAGE,BWBX2Z1N,0,0,1,TRUE
410,Illustrator1-26-WIN,Illustrator,CONS,HIGH,3,3,3,3,KR ILLUSTRATOR DM Redesign High Frequency,41,41 IC KR CC DM Redesign HIGH,BWBX2Z1N,0,0,1,TRUE
410,Illustrator1-26-WIN,Illustrator,CONS,LOW,3,3,3,3,KR ILLUSTRATOR DM Redesign Low Frequency,41,41 IC KR CC DM Redesign LOW,BWBX2Z1N,0,0,1,TRUE
410,Illustrator1-26-WIN,Illustrator,CONS,MID,3,3,3,3,KR ILLUSTRATOR DM Redesign Mid Frequency,41,41 IC KR CC DM Redesign MID,BWBX2Z1N,0,0,1,TRUE
410,Illustrator1-26-WIN,Illustrator,CONS,NO USAGE,3,3,3,3,KR ILLUSTRATOR DM Redesign No usage Frequency,41,41 IC KR CC DM Redesign NO USAGE,BWBX2Z1N,0,0,1,TRUE
410,LightroomClassic1-11-OSX,Lightroom,CONS,HIGH,3,3,5,5,KR LIGHTROOM DM Redesign High Frequency,69,69 IC KR CC DM Redesign HIGH,TKZTL9CQ,0,0,1,TRUE
410,LightroomClassic1-11-OSX,Lightroom,CONS,LOW,3,3,5,5,KR LIGHTROOM DM Redesign Low Frequency,69,69 IC KR CC DM Redesign LOW,TKZTL9CQ,0,0,1,TRUE
410,LightroomClassic1-11-OSX,Lightroom,CONS,MID,3,3,5,5,KR LIGHTROOM DM Redesign Mid Frequency,69,69 IC KR CC DM Redesign MID,TKZTL9CQ,0,0,1,TRUE
410,LightroomClassic1-11-OSX,Lightroom,CONS,NO USAGE,3,3,5,5,KR LIGHTROOM DM Redesign No usage Frequency,69,69 IC KR CC DM Redesign NO USAGE,TKZTL9CQ,0,0,1,TRUE
410,LightroomClassic1-11-WIN,Lightroom,CONS,HIGH,3,3,5,5,KR LIGHTROOM DM Redesign High Frequency,69,69 IC KR CC DM Redesign HIGH,TKZTL9CQ,0,0,1,TRUE
410,LightroomClassic1-11-WIN,Lightroom,CONS,LOW,3,3,5,5,KR LIGHTROOM DM Redesign Low Frequency,69,69 IC KR CC DM Redesign LOW,TKZTL9CQ,0,0,1,TRUE
410,LightroomClassic1-11-WIN,Lightroom,CONS,MID,3,3,5,5,KR LIGHTROOM DM Redesign Mid Frequency,69,69 IC KR CC DM Redesign MID,TKZTL9CQ,0,0,1,TRUE
410,LightroomClassic1-11-WIN,Lightroom,CONS,NO USAGE,3,3,5,5,KR LIGHTROOM DM Redesign No usage Frequency,69,69 IC KR CC DM Redesign NO USAGE,TKZTL9CQ,0,0,1,TRUE
410,Photoshop1-23-WIN,Photoshop,CONS,HIGH,3,3,7,7,KR PHOTOSHOP DM Redesign High Frequency,18,18 IC KR CC DM Redesign HIGH,81G55TXF,0,0,1,TRUE
410,Photoshop1-23-WIN,Photoshop,CONS,LOW,3,3,7,7,KR PHOTOSHOP DM Redesign Low Frequency,18,18 IC KR CC DM Redesign LOW,81G55TXF,0,0,1,TRUE
410,Photoshop1-23-WIN,Photoshop,CONS,MID,3,3,7,7,KR PHOTOSHOP DM Redesign Mid Frequency,18,18 IC KR CC DM Redesign MID,81G55TXF,0,0,1,TRUE
410,Photoshop1-23-WIN,Photoshop,CONS,NO USAGE,3,3,7,7,KR PHOTOSHOP DM Redesign No usage Frequency,18,18 IC KR CC DM Redesign NO USAGE,81G55TXF,0,0,1,TRUE
414,Illustrator1-26-OSX,Illustrator,CONS,HIGH,3,3,3,3,KW ILLUSTRATOR DM Redesign High Frequency,42,42 IC KW CC DM Redesign HIGH,C12Y2V9M,0,0,1,TRUE
414,Illustrator1-26-OSX,Illustrator,CONS,LOW,3,3,3,3,KW ILLUSTRATOR DM Redesign Low Frequency,42,42 IC KW CC DM Redesign LOW,C12Y2V9M,0,0,1,TRUE
414,Illustrator1-26-OSX,Illustrator,CONS,MID,3,3,3,3,KW ILLUSTRATOR DM Redesign Mid Frequency,42,42 IC KW CC DM Redesign MID,C12Y2V9M,0,0,1,TRUE
414,Illustrator1-26-OSX,Illustrator,CONS,NO USAGE,3,3,3,3,KW ILLUSTRATOR DM Redesign No usage Frequency,42,42 IC KW CC DM Redesign NO USAGE,C12Y2V9M,0,0,1,TRUE
414,Illustrator1-26-WIN,Illustrator,CONS,HIGH,3,3,3,3,KW ILLUSTRATOR DM Redesign High Frequency,42,42 IC KW CC DM Redesign HIGH,C12Y2V9M,0,0,1,TRUE
414,Illustrator1-26-WIN,Illustrator,CONS,LOW,3,3,3,3,KW ILLUSTRATOR DM Redesign Low Frequency,42,42 IC KW CC DM Redesign LOW,C12Y2V9M,0,0,1,TRUE
414,Illustrator1-26-WIN,Illustrator,CONS,MID,3,3,3,3,KW ILLUSTRATOR DM Redesign Mid Frequency,42,42 IC KW CC DM Redesign MID,C12Y2V9M,0,0,1,TRUE
414,Illustrator1-26-WIN,Illustrator,CONS,NO USAGE,3,3,3,3,KW ILLUSTRATOR DM Redesign No usage Frequency,42,42 IC KW CC DM Redesign NO USAGE,C12Y2V9M,0,0,1,TRUE
414,LightroomClassic1-11-OSX,Lightroom,CONS,HIGH,3,3,5,5,KW LIGHTROOM DM Redesign High Frequency,70,70 IC KW CC DM Redesign HIGH,TPQVL5MP,0,0,1,TRUE
414,LightroomClassic1-11-OSX,Lightroom,CONS,LOW,3,3,5,5,KW LIGHTROOM DM Redesign Low Frequency,70,70 IC KW CC DM Redesign LOW,TPQVL5MP,0,0,1,TRUE
414,LightroomClassic1-11-OSX,Lightroom,CONS,MID,3,3,5,5,KW LIGHTROOM DM Redesign Mid Frequency,70,70 IC KW CC DM Redesign MID,TPQVL5MP,0,0,1,TRUE
414,LightroomClassic1-11-OSX,Lightroom,CONS,NO USAGE,3,3,5,5,KW LIGHTROOM DM Redesign No usage Frequency,70,70 IC KW CC DM Redesign NO USAGE,TPQVL5MP,0,0,1,TRUE
414,LightroomClassic1-11-WIN,Lightroom,CONS,HIGH,3,3,5,5,KW LIGHTROOM DM Redesign High Frequency,70,70 IC KW CC DM Redesign HIGH,TPQVL5MP,0,0,1,TRUE
414,LightroomClassic1-11-WIN,Lightroom,CONS,LOW,3,3,5,5,KW LIGHTROOM DM Redesign Low Frequency,70,70 IC KW CC DM Redesign LOW,TPQVL5MP,0,0,1,TRUE
414,LightroomClassic1-11-WIN,Lightroom,CONS,MID,3,3,5,5,KW LIGHTROOM DM Redesign Mid Frequency,70,70 IC KW CC DM Redesign MID,TPQVL5MP,0,0,1,TRUE
414,LightroomClassic1-11-WIN,Lightroom,CONS,NO USAGE,3,3,5,5,KW LIGHTROOM DM Redesign No usage Frequency,70,70 IC KW CC DM Redesign NO USAGE,TPQVL5MP,0,0,1,TRUE
414,Photoshop1-23-WIN,Photoshop,CONS,HIGH,3,3,7,7,KW PHOTOSHOP DM Redesign High Frequency,19,19 IC KW CC DM Redesign HIGH,85665Q6D,0,0,1,TRUE
414,Photoshop1-23-WIN,Photoshop,CONS,LOW,3,3,7,7,KW PHOTOSHOP DM Redesign Low Frequency,19,19 IC KW CC DM Redesign LOW,85665Q6D,0,0,1,TRUE
414,Photoshop1-23-WIN,Photoshop,CONS,MID,3,3,7,7,KW PHOTOSHOP DM Redesign Mid Frequency,19,19 IC KW CC DM Redesign MID,85665Q6D,0,0,1,TRUE
414,Photoshop1-23-WIN,Photoshop,CONS,NO USAGE,3,3,7,7,KW PHOTOSHOP DM Redesign No usage Frequency,19,19 IC KW CC DM Redesign NO USAGE,85665Q6D,0,0,1,TRUE
422,Illustrator1-26-OSX,Illustrator,CONS,HIGH,3,3,3,3,LB ILLUSTRATOR DM Redesign High Frequency,43,43 IC LB CC DM Redesign HIGH,C4SZ2QKL,0,0,1,TRUE
422,Illustrator1-26-OSX,Illustrator,CONS,LOW,3,3,3,3,LB ILLUSTRATOR DM Redesign Low Frequency,43,43 IC LB CC DM Redesign LOW,C4SZ2QKL,0,0,1,TRUE
422,Illustrator1-26-OSX,Illustrator,CONS,MID,3,3,3,3,LB ILLUSTRATOR DM Redesign Mid Frequency,43,43 IC LB CC DM Redesign MID,C4SZ2QKL,0,0,1,TRUE
422,Illustrator1-26-OSX,Illustrator,CONS,NO USAGE,3,3,3,3,LB ILLUSTRATOR DM Redesign No usage Frequency,43,43 IC LB CC DM Redesign NO USAGE,C4SZ2QKL,0,0,1,TRUE
422,Illustrator1-26-WIN,Illustrator,CONS,HIGH,3,3,3,3,LB ILLUSTRATOR DM Redesign High Frequency,43,43 IC LB CC DM Redesign HIGH,C4SZ2QKL,0,0,1,TRUE
422,Illustrator1-26-WIN,Illustrator,CONS,LOW,3,3,3,3,LB ILLUSTRATOR DM Redesign Low Frequency,43,43 IC LB CC DM Redesign LOW,C4SZ2QKL,0,0,1,TRUE
422,Illustrator1-26-WIN,Illustrator,CONS,MID,3,3,3,3,LB ILLUSTRATOR DM Redesign Mid Frequency,43,43 IC LB CC DM Redesign MID,C4SZ2QKL,0,0,1,TRUE
422,Illustrator1-26-WIN,Illustrator,CONS,NO USAGE,3,3,3,3,LB ILLUSTRATOR DM Redesign No usage Frequency,43,43 IC LB CC DM Redesign NO USAGE,C4SZ2QKL,0,0,1,TRUE
422,LightroomClassic1-11-OSX,Lightroom,CONS,HIGH,3,3,5,5,LB LIGHTROOM DM Redesign High Frequency,71,71 IC LB CC DM Redesign HIGH,TTGWL1WN,0,0,1,TRUE
422,LightroomClassic1-11-OSX,Lightroom,CONS,LOW,3,3,5,5,LB LIGHTROOM DM Redesign Low Frequency,71,71 IC LB CC DM Redesign LOW,TTGWL1WN,0,0,1,TRUE
422,LightroomClassic1-11-OSX,Lightroom,CONS,MID,3,3,5,5,LB LIGHTROOM DM Redesign Mid Frequency,71,71 IC LB CC DM Redesign MID,TTGWL1WN,0,0,1,TRUE
422,LightroomClassic1-11-OSX,Lightroom,CONS,NO USAGE,3,3,5,5,LB LIGHTROOM DM Redesign No usage Frequency,71,71 IC LB CC DM Redesign NO USAGE,TTGWL1WN,0,0,1,TRUE
422,LightroomClassic1-11-WIN,Lightroom,CONS,HIGH,3,3,5,5,LB LIGHTROOM DM Redesign High Frequency,71,71 IC LB CC DM Redesign HIGH,TTGWL1WN,0,0,1,TRUE
422,LightroomClassic1-11-WIN,Lightroom,CONS,LOW,3,3,5,5,LB LIGHTROOM DM Redesign Low Frequency,71,71 IC LB CC DM Redesign LOW,TTGWL1WN,0,0,1,TRUE
422,LightroomClassic1-11-WIN,Lightroom,CONS,MID,3,3,5,5,LB LIGHTROOM DM Redesign Mid Frequency,71,71 IC LB CC DM Redesign MID,TTGWL1WN,0,0,1,TRUE
422,LightroomClassic1-11-WIN,Lightroom,CONS,NO USAGE,3,3,5,5,LB LIGHTROOM DM Redesign No usage Frequency,71,71 IC LB CC DM Redesign NO USAGE,TTGWL1WN,0,0,1,TRUE
422,Photoshop1-23-WIN,Photoshop,CONS,HIGH,3,3,7,7,LB PHOTOSHOP DM Redesign High Frequency,20,20 IC LB CC DM Redesign HIGH,88X75LGC,0,0,1,TRUE
422,Photoshop1-23-WIN,Photoshop,CONS,LOW,3,3,7,7,LB PHOTOSHOP DM Redesign Low Frequency,20,20 IC LB CC DM Redesign LOW,88X75LGC,0,0,1,TRUE
422,Photoshop1-23-WIN,Photoshop,CONS,MID,3,3,7,7,LB PHOTOSHOP DM Redesign Mid Frequency,20,20 IC LB CC DM Redesign MID,88X75LGC,0,0,1,TRUE
422,Photoshop1-23-WIN,Photoshop,CONS,NO USAGE,3,3,7,7,LB PHOTOSHOP DM Redesign No usage Frequency,20,20 IC LB CC DM Redesign NO USAGE,88X75LGC,0,0,1,TRUE
48,Illustrator1-26-OSX,Illustrator,CONS,HIGH,3,3,3,3,BH ILLUSTRATOR DM Redesign High Frequency,35,35 IC BH CC DM Redesign HIGH,B4XQ3QFV,0,0,1,TRUE
48,Illustrator1-26-OSX,Illustrator,CONS,LOW,3,3,3,3,BH ILLUSTRATOR DM Redesign Low Frequency,35,35 IC BH CC DM Redesign LOW,B4XQ3QFV,0,0,1,TRUE
48,Illustrator1-26-OSX,Illustrator,CONS,MID,3,3,3,3,BH ILLUSTRATOR DM Redesign Mid Frequency,35,35 IC BH CC DM Redesign MID,B4XQ3QFV,0,0,1,TRUE
48,Illustrator1-26-OSX,Illustrator,CONS,NO USAGE,3,3,3,3,BH ILLUSTRATOR DM Redesign No usage Frequency,35,35 IC BH CC DM Redesign NO USAGE,B4XQ3QFV,0,0,1,TRUE
48,Illustrator1-26-WIN,Illustrator,CONS,HIGH,3,3,3,3,BH ILLUSTRATOR DM Redesign High Frequency,35,35 IC BH CC DM Redesign HIGH,B4XQ3QFV,0,0,1,TRUE
48,Illustrator1-26-WIN,Illustrator,CONS,LOW,3,3,3,3,BH ILLUSTRATOR DM Redesign Low Frequency,35,35 IC BH CC DM Redesign LOW,B4XQ3QFV,0,0,1,TRUE
48,Illustrator1-26-WIN,Illustrator,CONS,MID,3,3,3,3,BH ILLUSTRATOR DM Redesign Mid Frequency,35,35 IC BH CC DM Redesign MID,B4XQ3QFV,0,0,1,TRUE
48,Illustrator1-26-WIN,Illustrator,CONS,NO USAGE,3,3,3,3,BH ILLUSTRATOR DM Redesign No usage Frequency,35,35 IC BH CC DM Redesign NO USAGE,B4XQ3QFV,0,0,1,TRUE
48,LightroomClassic1-11-OSX,Lightroom,CONS,HIGH,3,3,5,5,BH LIGHTROOM DM Redesign High Frequency,63,63 IC BH CC DM Redesign HIGH,FMHMZ7VX,0,0,1,TRUE
48,LightroomClassic1-11-OSX,Lightroom,CONS,LOW,3,3,5,5,BH LIGHTROOM DM Redesign Low Frequency,63,63 IC BH CC DM Redesign LOW,FMHMZ7VX,0,0,1,TRUE
48,LightroomClassic1-11-OSX,Lightroom,CONS,MID,3,3,5,5,BH LIGHTROOM DM Redesign Mid Frequency,63,63 IC BH CC DM Redesign MID,FMHMZ7VX,0,0,1,TRUE
48,LightroomClassic1-11-OSX,Lightroom,CONS,NO USAGE,3,3,5,5,BH LIGHTROOM DM Redesign No usage Frequency,63,63 IC BH CC DM Redesign NO USAGE,FMHMZ7VX,0,0,1,TRUE
48,LightroomClassic1-11-WIN,Lightroom,CONS,HIGH,3,3,5,5,BH LIGHTROOM DM Redesign High Frequency,63,63 IC BH CC DM Redesign HIGH,FMHMZ7VX,0,0,1,TRUE
48,LightroomClassic1-11-WIN,Lightroom,CONS,LOW,3,3,5,5,BH LIGHTROOM DM Redesign Low Frequency,63,63 IC BH CC DM Redesign LOW,FMHMZ7VX,0,0,1,TRUE
48,LightroomClassic1-11-WIN,Lightroom,CONS,MID,3,3,5,5,BH LIGHTROOM DM Redesign Mid Frequency,63,63 IC BH CC DM Redesign MID,FMHMZ7VX,0,0,1,TRUE
48,LightroomClassic1-11-WIN,Lightroom,CONS,NO USAGE,3,3,5,5,BH LIGHTROOM DM Redesign No usage Frequency,63,63 IC BH CC DM Redesign NO USAGE,FMHMZ7VX,0,0,1,TRUE
48,Photoshop1-23-WIN,Photoshop,CONS,HIGH,3,3,7,7,BH PHOTOSHOP DM Redesign High Frequency,13,13 IC BH CC DM Redesign HIGH,7DRZ6GLL,0,0,1,TRUE
48,Photoshop1-23-WIN,Photoshop,CONS,LOW,3,3,7,7,BH PHOTOSHOP DM Redesign Low Frequency,13,13 IC BH CC DM Redesign LOW,7DRZ6GLL,0,0,1,TRUE
48,Photoshop1-23-WIN,Photoshop,CONS,MID,3,3,7,7,BH PHOTOSHOP DM Redesign Mid Frequency,13,13 IC BH CC DM Redesign MID,7DRZ6GLL,0,0,1,TRUE
48,Photoshop1-23-WIN,Photoshop,CONS,NO USAGE,3,3,7,7,BH PHOTOSHOP DM Redesign No usage Frequency,13,13 IC BH CC DM Redesign NO USAGE,7DRZ6GLL,0,0,1,TRUE
484,Illustrator1-26-OSX,Illustrator,CONS,HIGH,3,3,3,3,MX ILLUSTRATOR DM Redesign High Frequency,44,44 IC MX CC DM Redesign HIGH,C8K12LTK,0,0,1,TRUE
484,Illustrator1-26-OSX,Illustrator,CONS,LOW,3,3,3,3,MX ILLUSTRATOR DM Redesign Low Frequency,44,44 IC MX CC DM Redesign LOW,C8K12LTK,0,0,1,TRUE
484,Illustrator1-26-OSX,Illustrator,CONS,MID,3,3,3,3,MX ILLUSTRATOR DM Redesign Mid Frequency,44,44 IC MX CC DM Redesign MID,C8K12LTK,0,0,1,TRUE
484,Illustrator1-26-OSX,Illustrator,CONS,NO USAGE,3,3,3,3,MX ILLUSTRATOR DM Redesign No usage Frequency,44,44 IC MX CC DM Redesign NO USAGE,C8K12LTK,0,0,1,TRUE
484,Illustrator1-26-WIN,Illustrator,CONS,HIGH,3,3,3,3,MX ILLUSTRATOR DM Redesign High Frequency,44,44 IC MX CC DM Redesign HIGH,C8K12LTK,0,0,1,TRUE
484,Illustrator1-26-WIN,Illustrator,CONS,LOW,3,3,3,3,MX ILLUSTRATOR DM Redesign Low Frequency,44,44 IC MX CC DM Redesign LOW,C8K12LTK,0,0,1,TRUE
484,Illustrator1-26-WIN,Illustrator,CONS,MID,3,3,3,3,MX ILLUSTRATOR DM Redesign Mid Frequency,44,44 IC MX CC DM Redesign MID,C8K12LTK,0,0,1,TRUE
484,Illustrator1-26-WIN,Illustrator,CONS,NO USAGE,3,3,3,3,MX ILLUSTRATOR DM Redesign No usage Frequency,44,44 IC MX CC DM Redesign NO USAGE,C8K12LTK,0,0,1,TRUE
484,LightroomClassic1-11-OSX,Lightroom,CONS,HIGH,3,3,5,5,MX LIGHTROOM DM Redesign High Frequency,72,72 IC MX CC DM Redesign HIGH,TY6XKX5M,0,0,1,TRUE
484,LightroomClassic1-11-OSX,Lightroom,CONS,LOW,3,3,5,5,MX LIGHTROOM DM Redesign Low Frequency,72,72 IC MX CC DM Redesign LOW,TY6XKX5M,0,0,1,TRUE
484,LightroomClassic1-11-OSX,Lightroom,CONS,MID,3,3,5,5,MX LIGHTROOM DM Redesign Mid Frequency,72,72 IC MX CC DM Redesign MID,TY6XKX5M,0,0,1,TRUE
484,LightroomClassic1-11-OSX,Lightroom,CONS,NO USAGE,3,3,5,5,MX LIGHTROOM DM Redesign No usage Frequency,72,72 IC MX CC DM Redesign NO USAGE,TY6XKX5M,0,0,1,TRUE
484,LightroomClassic1-11-WIN,Lightroom,CONS,HIGH,3,3,5,5,MX LIGHTROOM DM Redesign High Frequency,72,72 IC MX CC DM Redesign HIGH,TY6XKX5M,0,0,1,TRUE
484,LightroomClassic1-11-WIN,Lightroom,CONS,LOW,3,3,5,5,MX LIGHTROOM DM Redesign Low Frequency,72,72 IC MX CC DM Redesign LOW,TY6XKX5M,0,0,1,TRUE
484,LightroomClassic1-11-WIN,Lightroom,CONS,MID,3,3,5,5,MX LIGHTROOM DM Redesign Mid Frequency,72,72 IC MX CC DM Redesign MID,TY6XKX5M,0,0,1,TRUE
484,LightroomClassic1-11-WIN,Lightroom,CONS,NO USAGE,3,3,5,5,MX LIGHTROOM DM Redesign No usage Frequency,72,72 IC MX CC DM Redesign NO USAGE,TY6XKX5M,0,0,1,TRUE
484,Photoshop1-23-WIN,Photoshop,CONS,HIGH,3,3,7,7,MX PHOTOSHOP DM Redesign High Frequency,21,21 IC MX CC DM Redesign HIGH,8DN85GQB,0,0,1,TRUE
484,Photoshop1-23-WIN,Photoshop,CONS,LOW,3,3,7,7,MX PHOTOSHOP DM Redesign Low Frequency,21,21 IC MX CC DM Redesign LOW,8DN85GQB,0,0,1,TRUE
484,Photoshop1-23-WIN,Photoshop,CONS,MID,3,3,7,7,MX PHOTOSHOP DM Redesign Mid Frequency,21,21 IC MX CC DM Redesign MID,8DN85GQB,0,0,1,TRUE
484,Photoshop1-23-WIN,Photoshop,CONS,NO USAGE,3,3,7,7,MX PHOTOSHOP DM Redesign No usage Frequency,21,21 IC MX CC DM Redesign NO USAGE,8DN85GQB,0,0,1,TRUE
504,Illustrator1-26-OSX,Illustrator,CONS,HIGH,3,3,3,3,MA ILLUSTRATOR DM Redesign High Frequency,45,45 IC MA CC DM Redesign HIGH,CD922H3J,0,0,1,TRUE
504,Illustrator1-26-OSX,Illustrator,CONS,LOW,3,3,3,3,MA ILLUSTRATOR DM Redesign Low Frequency,45,45 IC MA CC DM Redesign LOW,CD922H3J,0,0,1,TRUE
504,Illustrator1-26-OSX,Illustrator,CONS,MID,3,3,3,3,MA ILLUSTRATOR DM Redesign Mid Frequency,45,45 IC MA CC DM Redesign MID,CD922H3J,0,0,1,TRUE
504,Illustrator1-26-OSX,Illustrator,CONS,NO USAGE,3,3,3,3,MA ILLUSTRATOR DM Redesign No usage Frequency,45,45 IC MA CC DM Redesign NO USAGE,CD922H3J,0,0,1,TRUE
504,Illustrator1-26-WIN,Illustrator,CONS,HIGH,3,3,3,3,MA ILLUSTRATOR DM Redesign High Frequency,45,45 IC MA CC DM Redesign HIGH,CD922H3J,0,0,1,TRUE
504,Illustrator1-26-WIN,Illustrator,CONS,LOW,3,3,3,3,MA ILLUSTRATOR DM Redesign Low Frequency,45,45 IC MA CC DM Redesign LOW,CD922H3J,0,0,1,TRUE
504,Illustrator1-26-WIN,Illustrator,CONS,MID,3,3,3,3,MA ILLUSTRATOR DM Redesign Mid Frequency,45,45 IC MA CC DM Redesign MID,CD922H3J,0,0,1,TRUE
504,Illustrator1-26-WIN,Illustrator,CONS,NO USAGE,3,3,3,3,MA ILLUSTRATOR DM Redesign No usage Frequency,45,45 IC MA CC DM Redesign NO USAGE,CD922H3J,0,0,1,TRUE
504,LightroomClassic1-11-OSX,Lightroom,CONS,HIGH,3,3,5,5,MA LIGHTROOM DM Redesign High Frequency,73,73 IC MA CC DM Redesign HIGH,V2XYKSFL,0,0,1,TRUE
504,LightroomClassic1-11-OSX,Lightroom,CONS,LOW,3,3,5,5,MA LIGHTROOM DM Redesign Low Frequency,73,73 IC MA CC DM Redesign LOW,V2XYKSFL,0,0,1,TRUE
504,LightroomClassic1-11-OSX,Lightroom,CONS,MID,3,3,5,5,MA LIGHTROOM DM Redesign Mid Frequency,73,73 IC MA CC DM Redesign MID,V2XYKSFL,0,0,1,TRUE
504,LightroomClassic1-11-OSX,Lightroom,CONS,NO USAGE,3,3,5,5,MA LIGHTROOM DM Redesign No usage Frequency,73,73 IC MA CC DM Redesign NO USAGE,V2XYKSFL,0,0,1,TRUE
504,LightroomClassic1-11-WIN,Lightroom,CONS,HIGH,3,3,5,5,MA LIGHTROOM DM Redesign High Frequency,73,73 IC MA CC DM Redesign HIGH,V2XYKSFL,0,0,1,TRUE
504,LightroomClassic1-11-WIN,Lightroom,CONS,LOW,3,3,5,5,MA LIGHTROOM DM Redesign Low Frequency,73,73 IC MA CC DM Redesign LOW,V2XYKSFL,0,0,1,TRUE
504,LightroomClassic1-11-WIN,Lightroom,CONS,MID,3,3,5,5,MA LIGHTROOM DM Redesign Mid Frequency,73,73 IC MA CC DM Redesign MID,V2XYKSFL,0,0,1,TRUE
504,LightroomClassic1-11-WIN,Lightroom,CONS,NO USAGE,3,3,5,5,MA LIGHTROOM DM Redesign No usage Frequency,73,73 IC MA CC DM Redesign NO USAGE,V2XYKSFL,0,0,1,TRUE
504,Photoshop1-23-WIN,Photoshop,CONS,HIGH,3,3,7,7,MA PHOTOSHOP DM Redesign High Frequency,22,22 IC MA CC DM Redesign HIGH,8JD95BZ9,0,0,1,TRUE
504,Photoshop1-23-WIN,Photoshop,CONS,LOW,3,3,7,7,MA PHOTOSHOP DM Redesign Low Frequency,22,22 IC MA CC DM Redesign LOW,8JD95BZ9,0,0,1,TRUE
504,Photoshop1-23-WIN,Photoshop,CONS,MID,3,3,7,7,MA PHOTOSHOP DM Redesign Mid Frequency,22,22 IC MA CC DM Redesign MID,8JD95BZ9,0,0,1,TRUE
504,Photoshop1-23-WIN,Photoshop,CONS,NO USAGE,3,3,7,7,MA PHOTOSHOP DM Redesign No usage Frequency,22,22 IC MA CC DM Redesign NO USAGE,8JD95BZ9,0,0,1,TRUE
512,Illustrator1-26-OSX,Illustrator,CONS,HIGH,3,3,3,3,OM ILLUSTRATOR DM Redesign High Frequency,46,46 IC OM CC DM Redesign HIGH,CJ132CCH,0,0,1,TRUE
512,Illustrator1-26-OSX,Illustrator,CONS,LOW,3,3,3,3,OM ILLUSTRATOR DM Redesign Low Frequency,46,46 IC OM CC DM Redesign LOW,CJ132CCH,0,0,1,TRUE
512,Illustrator1-26-OSX,Illustrator,CONS,MID,3,3,3,3,OM ILLUSTRATOR DM Redesign Mid Frequency,46,46 IC OM CC DM Redesign MID,CJ132CCH,0,0,1,TRUE
512,Illustrator1-26-OSX,Illustrator,CONS,NO USAGE,3,3,3,3,OM ILLUSTRATOR DM Redesign No usage Frequency,46,46 IC OM CC DM Redesign NO USAGE,CJ132CCH,0,0,1,TRUE
512,Illustrator1-26-WIN,Illustrator,CONS,HIGH,3,3,3,3,OM ILLUSTRATOR DM Redesign High Frequency,46,46 IC OM CC DM Redesign HIGH,CJ132CCH,0,0,1,TRUE
512,Illustrator1-26-WIN,Illustrator,CONS,LOW,3,3,3,3,OM ILLUSTRATOR DM Redesign Low Frequency,46,46 IC OM CC DM Redesign LOW,CJ132CCH,0,0,1,TRUE
512,Illustrator1-26-WIN,Illustrator,CONS,MID,3,3,3,3,OM ILLUSTRATOR DM Redesign Mid Frequency,46,46 IC OM CC DM Redesign MID,CJ132CCH,0,0,1,TRUE
512,Illustrator1-26-WIN,Illustrator,CONS,NO USAGE,3,3,3,3,OM ILLUSTRATOR DM Redesign No usage Frequency,46,46 IC OM CC DM Redesign NO USAGE,CJ132CCH,0,0,1,TRUE
512,LightroomClassic1-11-OSX,Lightroom,CONS,HIGH,3,3,5,5,OM LIGHTROOM DM Redesign High Frequency,74,74 IC OM CC DM Redesign HIGH,V6NZKNPK,0,0,1,TRUE
512,LightroomClassic1-11-OSX,Lightroom,CONS,LOW,3,3,5,5,OM LIGHTROOM DM Redesign Low Frequency,74,74 IC OM CC DM Redesign LOW,V6NZKNPK,0,0,1,TRUE
512,LightroomClassic1-11-OSX,Lightroom,CONS,MID,3,3,5,5,OM LIGHTROOM DM Redesign Mid Frequency,74,74 IC OM CC DM Redesign MID,V6NZKNPK,0,0,1,TRUE
512,LightroomClassic1-11-OSX,Lightroom,CONS,NO USAGE,3,3,5,5,OM LIGHTROOM DM Redesign No usage Frequency,74,74 IC OM CC DM Redesign NO USAGE,V6NZKNPK,0,0,1,TRUE
512,LightroomClassic1-11-WIN,Lightroom,CONS,HIGH,3,3,5,5,OM LIGHTROOM DM Redesign High Frequency,74,74 IC OM CC DM Redesign HIGH,V6NZKNPK,0,0,1,TRUE
512,LightroomClassic1-11-WIN,Lightroom,CONS,LOW,3,3,5,5,OM LIGHTROOM DM Redesign Low Frequency,74,74 IC OM CC DM Redesign LOW,V6NZKNPK,0,0,1,TRUE
512,LightroomClassic1-11-WIN,Lightroom,CONS,MID,3,3,5,5,OM LIGHTROOM DM Redesign Mid Frequency,74,74 IC OM CC DM Redesign MID,V6NZKNPK,0,0,1,TRUE
512,LightroomClassic1-11-WIN,Lightroom,CONS,NO USAGE,3,3,5,5,OM LIGHTROOM DM Redesign No usage Frequency,74,74 IC OM CC DM Redesign NO USAGE,V6NZKNPK,0,0,1,TRUE
512,Photoshop1-23-WIN,Photoshop,CONS,HIGH,3,3,7,7,OM PHOTOSHOP DM Redesign High Frequency,23,23 IC OM CC DM Redesign HIGH,8N4B5788,0,0,1,TRUE
512,Photoshop1-23-WIN,Photoshop,CONS,LOW,3,3,7,7,OM PHOTOSHOP DM Redesign Low Frequency,23,23 IC OM CC DM Redesign LOW,8N4B5788,0,0,1,TRUE
512,Photoshop1-23-WIN,Photoshop,CONS,MID,3,3,7,7,OM PHOTOSHOP DM Redesign Mid Frequency,23,23 IC OM CC DM Redesign MID,8N4B5788,0,0,1,TRUE
512,Photoshop1-23-WIN,Photoshop,CONS,NO USAGE,3,3,7,7,OM PHOTOSHOP DM Redesign No usage Frequency,23,23 IC OM CC DM Redesign NO USAGE,8N4B5788,0,0,1,TRUE
634,Illustrator1-26-OSX,Illustrator,CONS,HIGH,3,3,3,3,QA ILLUSTRATOR DM Redesign High Frequency,47,47 IC QA CC DM Redesign HIGH,CMR427MG,0,0,1,TRUE
634,Illustrator1-26-OSX,Illustrator,CONS,LOW,3,3,3,3,QA ILLUSTRATOR DM Redesign Low Frequency,47,47 IC QA CC DM Redesign LOW,CMR427MG,0,0,1,TRUE
634,Illustrator1-26-OSX,Illustrator,CONS,MID,3,3,3,3,QA ILLUSTRATOR DM Redesign Mid Frequency,47,47 IC QA CC DM Redesign MID,CMR427MG,0,0,1,TRUE
634,Illustrator1-26-OSX,Illustrator,CONS,NO USAGE,3,3,3,3,QA ILLUSTRATOR DM Redesign No usage Frequency,47,47 IC QA CC DM Redesign NO USAGE,CMR427MG,0,0,1,TRUE
634,Illustrator1-26-WIN,Illustrator,CONS,HIGH,3,3,3,3,QA ILLUSTRATOR DM Redesign High Frequency,47,47 IC QA CC DM Redesign HIGH,CMR427MG,0,0,1,TRUE
634,Illustrator1-26-WIN,Illustrator,CONS,LOW,3,3,3,3,QA ILLUSTRATOR DM Redesign Low Frequency,47,47 IC QA CC DM Redesign LOW,CMR427MG,0,0,1,TRUE
634,Illustrator1-26-WIN,Illustrator,CONS,MID,3,3,3,3,QA ILLUSTRATOR DM Redesign Mid Frequency,47,47 IC QA CC DM Redesign MID,CMR427MG,0,0,1,TRUE
634,Illustrator1-26-WIN,Illustrator,CONS,NO USAGE,3,3,3,3,QA ILLUSTRATOR DM Redesign No usage Frequency,47,47 IC QA CC DM Redesign NO USAGE,CMR427MG,0,0,1,TRUE
634,LightroomClassic1-11-OSX,Lightroom,CONS,HIGH,3,3,5,5,QA LIGHTROOM DM Redesign High Frequency,75,75 IC QA CC DM Redesign HIGH,VBF1KJYJ,0,0,1,TRUE
634,LightroomClassic1-11-OSX,Lightroom,CONS,LOW,3,3,5,5,QA LIGHTROOM DM Redesign Low Frequency,75,75 IC QA CC DM Redesign LOW,VBF1KJYJ,0,0,1,TRUE
634,LightroomClassic1-11-OSX,Lightroom,CONS,MID,3,3,5,5,QA LIGHTROOM DM Redesign Mid Frequency,75,75 IC QA CC DM Redesign MID,VBF1KJYJ,0,0,1,TRUE
634,LightroomClassic1-11-OSX,Lightroom,CONS,NO USAGE,3,3,5,5,QA LIGHTROOM DM Redesign No usage Frequency,75,75 IC QA CC DM Redesign NO USAGE,VBF1KJYJ,0,0,1,TRUE
634,LightroomClassic1-11-WIN,Lightroom,CONS,HIGH,3,3,5,5,QA LIGHTROOM DM Redesign High Frequency,75,75 IC QA CC DM Redesign HIGH,VBF1KJYJ,0,0,1,TRUE
634,LightroomClassic1-11-WIN,Lightroom,CONS,LOW,3,3,5,5,QA LIGHTROOM DM Redesign Low Frequency,75,75 IC QA CC DM Redesign LOW,VBF1KJYJ,0,0,1,TRUE
634,LightroomClassic1-11-WIN,Lightroom,CONS,MID,3,3,5,5,QA LIGHTROOM DM Redesign Mid Frequency,75,75 IC QA CC DM Redesign MID,VBF1KJYJ,0,0,1,TRUE
634,LightroomClassic1-11-WIN,Lightroom,CONS,NO USAGE,3,3,5,5,QA LIGHTROOM DM Redesign No usage Frequency,75,75 IC QA CC DM Redesign NO USAGE,VBF1KJYJ,0,0,1,TRUE
634,Photoshop1-23-WIN,Photoshop,CONS,HIGH,3,3,7,7,QA PHOTOSHOP DM Redesign High Frequency,24,24 IC QA CC DM Redesign HIGH,8RVC53J7,0,0,1,TRUE
634,Photoshop1-23-WIN,Photoshop,CONS,LOW,3,3,7,7,QA PHOTOSHOP DM Redesign Low Frequency,24,24 IC QA CC DM Redesign LOW,8RVC53J7,0,0,1,TRUE
634,Photoshop1-23-WIN,Photoshop,CONS,MID,3,3,7,7,QA PHOTOSHOP DM Redesign Mid Frequency,24,24 IC QA CC DM Redesign MID,8RVC53J7,0,0,1,TRUE
634,Photoshop1-23-WIN,Photoshop,CONS,NO USAGE,3,3,7,7,QA PHOTOSHOP DM Redesign No usage Frequency,24,24 IC QA CC DM Redesign NO USAGE,8RVC53J7,0,0,1,TRUE
682,Illustrator1-26-OSX,Illustrator,CONS,HIGH,3,3,3,3,SA ILLUSTRATOR DM Redesign High Frequency,48,48 IC SA CC DM Redesign HIGH,CRH523WF,0,0,1,TRUE
682,Illustrator1-26-OSX,Illustrator,CONS,LOW,3,3,3,3,SA ILLUSTRATOR DM Redesign Low Frequency,48,48 IC SA CC DM Redesign LOW,CRH523WF,0,0,1,TRUE
682,Illustrator1-26-OSX,Illustrator,CONS,MID,3,3,3,3,SA ILLUSTRATOR DM Redesign Mid Frequency,48,48 IC SA CC DM Redesign MID,CRH523WF,0,0,1,TRUE
682,Illustrator1-26-OSX,Illustrator,CONS,NO USAGE,3,3,3,3,SA ILLUSTRATOR DM Redesign No usage Frequency,48,48 IC SA CC DM Redesign NO USAGE,CRH523WF,0,0,1,TRUE
682,Illustrator1-26-WIN,Illustrator,CONS,HIGH,3,3,3,3,SA ILLUSTRATOR DM Redesign High Frequency,48,48 IC SA CC DM Redesign HIGH,CRH523WF,0,0,1,TRUE
682,Illustrator1-26-WIN,Illustrator,CONS,LOW,3,3,3,3,SA ILLUSTRATOR DM Redesign Low Frequency,48,48 IC SA CC DM Redesign LOW,CRH523WF,0,0,1,TRUE
682,Illustrator1-26-WIN,Illustrator,CONS,MID,3,3,3,3,SA ILLUSTRATOR DM Redesign Mid Frequency,48,48 IC SA CC DM Redesign MID,CRH523WF,0,0,1,TRUE
682,Illustrator1-26-WIN,Illustrator,CONS,NO USAGE,3,3,3,3,SA ILLUSTRATOR DM Redesign No usage Frequency,48,48 IC SA CC DM Redesign NO USAGE,CRH523WF,0,0,1,TRUE
682,LightroomClassic1-11-OSX,Lightroom,CONS,HIGH,3,3,5,5,SA LIGHTROOM DM Redesign High Frequency,76,76 IC SA CC DM Redesign HIGH,VG52KF7H,0,0,1,TRUE
682,LightroomClassic1-11-OSX,Lightroom,CONS,LOW,3,3,5,5,SA LIGHTROOM DM Redesign Low Frequency,76,76 IC SA CC DM Redesign LOW,VG52KF7H,0,0,1,TRUE
682,LightroomClassic1-11-OSX,Lightroom,CONS,MID,3,3,5,5,SA LIGHTROOM DM Redesign Mid Frequency,76,76 IC SA CC DM Redesign MID,VG52KF7H,0,0,1,TRUE
682,LightroomClassic1-11-OSX,Lightroom,CONS,NO USAGE,3,3,5,5,SA LIGHTROOM DM Redesign No usage Frequency,76,76 IC SA CC DM Redesign NO USAGE,VG52KF7H,0,0,1,TRUE
682,LightroomClassic1-11-WIN,Lightroom,CONS,HIGH,3,3,5,5,SA LIGHTROOM DM Redesign High Frequency,76,76 IC SA CC DM Redesign HIGH,VG52KF7H,0,0,1,TRUE
682,LightroomClassic1-11-WIN,Lightroom,CONS,LOW,3,3,5,5,SA LIGHTROOM DM Redesign Low Frequency,76,76 IC SA CC DM Redesign LOW,VG52KF7H,0,0,1,TRUE
682,LightroomClassic1-11-WIN,Lightroom,CONS,MID,3,3,5,5,SA LIGHTROOM DM Redesign Mid Frequency,76,76 IC SA CC DM Redesign MID,VG52KF7H,0,0,1,TRUE
682,LightroomClassic1-11-WIN,Lightroom,CONS,NO USAGE,3,3,5,5,SA LIGHTROOM DM Redesign No usage Frequency,76,76 IC SA CC DM Redesign NO USAGE,VG52KF7H,0,0,1,TRUE
682,Photoshop1-23-WIN,Photoshop,CONS,HIGH,3,3,7,7,SA PHOTOSHOP DM Redesign High Frequency,25,25 IC SA CC DM Redesign HIGH,8WLD4YS6,0,0,1,TRUE
682,Photoshop1-23-WIN,Photoshop,CONS,LOW,3,3,7,7,SA PHOTOSHOP DM Redesign Low Frequency,25,25 IC SA CC DM Redesign LOW,8WLD4YS6,0,0,1,TRUE
682,Photoshop1-23-WIN,Photoshop,CONS,MID,3,3,7,7,SA PHOTOSHOP DM Redesign Mid Frequency,25,25 IC SA CC DM Redesign MID,8WLD4YS6,0,0,1,TRUE
682,Photoshop1-23-WIN,Photoshop,CONS,NO USAGE,3,3,7,7,SA PHOTOSHOP DM Redesign No usage Frequency,25,25 IC SA CC DM Redesign NO USAGE,8WLD4YS6,0,0,1,TRUE
756,Illustrator1-26-OSX,Illustrator,CONS,HIGH,3,3,3,3,CH ILLUSTRATOR DM Redesign High Frequency,49,49 IC CH CC DM Redesign HIGH,CW761Z5D,0,0,1,TRUE
756,Illustrator1-26-OSX,Illustrator,CONS,LOW,3,3,3,3,CH ILLUSTRATOR DM Redesign Low Frequency,49,49 IC CH CC DM Redesign LOW,CW761Z5D,0,0,1,TRUE
756,Illustrator1-26-OSX,Illustrator,CONS,MID,3,3,3,3,CH ILLUSTRATOR DM Redesign Mid Frequency,49,49 IC CH CC DM Redesign MID,CW761Z5D,0,0,1,TRUE
756,Illustrator1-26-OSX,Illustrator,CONS,NO USAGE,3,3,3,3,CH ILLUSTRATOR DM Redesign No usage Frequency,49,49 IC CH CC DM Redesign NO USAGE,CW761Z5D,0,0,1,TRUE
756,Illustrator1-26-WIN,Illustrator,CONS,HIGH,3,3,3,3,CH ILLUSTRATOR DM Redesign High Frequency,49,49 IC CH CC DM Redesign HIGH,CW761Z5D,0,0,1,TRUE
756,Illustrator1-26-WIN,Illustrator,CONS,LOW,3,3,3,3,CH ILLUSTRATOR DM Redesign Low Frequency,49,49 IC CH CC DM Redesign LOW,CW761Z5D,0,0,1,TRUE
756,Illustrator1-26-WIN,Illustrator,CONS,MID,3,3,3,3,CH ILLUSTRATOR DM Redesign Mid Frequency,49,49 IC CH CC DM Redesign MID,CW761Z5D,0,0,1,TRUE
756,Illustrator1-26-WIN,Illustrator,CONS,NO USAGE,3,3,3,3,CH ILLUSTRATOR DM Redesign No usage Frequency,49,49 IC CH CC DM Redesign NO USAGE,CW761Z5D,0,0,1,TRUE
756,LightroomClassic1-11-OSX,Lightroom,CONS,HIGH,3,3,5,5,CH LIGHTROOM DM Redesign High Frequency,77,77 IC CH CC DM Redesign HIGH,VKW3K9HG,0,0,1,TRUE
756,LightroomClassic1-11-OSX,Lightroom,CONS,LOW,3,3,5,5,CH LIGHTROOM DM Redesign Low Frequency,77,77 IC CH CC DM Redesign LOW,VKW3K9HG,0,0,1,TRUE
756,LightroomClassic1-11-OSX,Lightroom,CONS,MID,3,3,5,5,CH LIGHTROOM DM Redesign Mid Frequency,77,77 IC CH CC DM Redesign MID,VKW3K9HG,0,0,1,TRUE
756,LightroomClassic1-11-OSX,Lightroom,CONS,NO USAGE,3,3,5,5,CH LIGHTROOM DM Redesign No usage Frequency,77,77 IC CH CC DM Redesign NO USAGE,VKW3K9HG,0,0,1,TRUE
756,LightroomClassic1-11-WIN,Lightroom,CONS,HIGH,3,3,5,5,CH LIGHTROOM DM Redesign High Frequency,77,77 IC CH CC DM Redesign HIGH,VKW3K9HG,0,0,1,TRUE
756,LightroomClassic1-11-WIN,Lightroom,CONS,LOW,3,3,5,5,CH LIGHTROOM DM Redesign Low Frequency,77,77 IC CH CC DM Redesign LOW,VKW3K9HG,0,0,1,TRUE
756,LightroomClassic1-11-WIN,Lightroom,CONS,MID,3,3,5,5,CH LIGHTROOM DM Redesign Mid Frequency,77,77 IC CH CC DM Redesign MID,VKW3K9HG,0,0,1,TRUE
756,LightroomClassic1-11-WIN,Lightroom,CONS,NO USAGE,3,3,5,5,CH LIGHTROOM DM Redesign No usage Frequency,77,77 IC CH CC DM Redesign NO USAGE,VKW3K9HG,0,0,1,TRUE
756,Photoshop1-23-WIN,Photoshop,CONS,HIGH,3,3,7,7,CH PHOTOSHOP DM Redesign High Frequency,26,26 IC CH CC DM Redesign HIGH,91BF4V25,0,0,1,TRUE
756,Photoshop1-23-WIN,Photoshop,CONS,LOW,3,3,7,7,CH PHOTOSHOP DM Redesign Low Frequency,26,26 IC CH CC DM Redesign LOW,91BF4V25,0,0,1,TRUE
756,Photoshop1-23-WIN,Photoshop,CONS,MID,3,3,7,7,CH PHOTOSHOP DM Redesign Mid Frequency,26,26 IC CH CC DM Redesign MID,91BF4V25,0,0,1,TRUE
756,Photoshop1-23-WIN,Photoshop,CONS,NO USAGE,3,3,7,7,CH PHOTOSHOP DM Redesign No usage Frequency,26,26 IC CH CC DM Redesign NO USAGE,91BF4V25,0,0,1,TRUE
76,Illustrator1-26-OSX,Illustrator,CONS,HIGH,4,4,4,4,BR ILLUSTRATOR DM Redesign High Frequency,57,57 IC BR CC DM Redesign HIGH,DW3FZZ94,0,0,1,TRUE
76,Illustrator1-26-OSX,Illustrator,CONS,LOW,3,3,3,3,BR ILLUSTRATOR DM Redesign Low Frequency,36,36 IC BR CC DM Redesign LOW,B8NR3LPT,0,0,1,TRUE
76,Illustrator1-26-OSX,Illustrator,CONS,MID,3,3,3,3,BR ILLUSTRATOR DM Redesign Mid Frequency,36,36 IC BR CC DM Redesign MID,B8NR3LPT,0,0,1,TRUE
76,Illustrator1-26-OSX,Illustrator,CONS,NO USAGE,3,3,3,3,BR ILLUSTRATOR DM Redesign No usage Frequency,36,36 IC BR CC DM Redesign NO USAGE,B8NR3LPT,0,0,1,TRUE
76,Illustrator1-26-WIN,Illustrator,CONS,HIGH,4,4,4,4,BR ILLUSTRATOR DM Redesign High Frequency,57,57 IC BR CC DM Redesign HIGH,DW3FZZ94,0,0,1,TRUE
76,Illustrator1-26-WIN,Illustrator,CONS,LOW,3,3,3,3,BR ILLUSTRATOR DM Redesign Low Frequency,36,36 IC BR CC DM Redesign LOW,B8NR3LPT,0,0,1,TRUE
76,Illustrator1-26-WIN,Illustrator,CONS,MID,3,3,3,3,BR ILLUSTRATOR DM Redesign Mid Frequency,36,36 IC BR CC DM Redesign MID,B8NR3LPT,0,0,1,TRUE
76,Illustrator1-26-WIN,Illustrator,CONS,NO USAGE,3,3,3,3,BR ILLUSTRATOR DM Redesign No usage Frequency,36,36 IC BR CC DM Redesign NO USAGE,B8NR3LPT,0,0,1,TRUE
76,LightroomClassic1-11-OSX,Lightroom,CONS,HIGH,4,4,6,6,BR LIGHTROOM DM Redesign High Frequency,85,85 IC BR CC DM Redesign HIGH,WKRCJ9M6,0,0,1,TRUE
76,LightroomClassic1-11-OSX,Lightroom,CONS,LOW,3,3,5,5,BR LIGHTROOM DM Redesign Low Frequency,64,64 IC BR CC DM Redesign LOW,FR7NZ44W,0,0,1,TRUE
76,LightroomClassic1-11-OSX,Lightroom,CONS,MID,3,3,5,5,BR LIGHTROOM DM Redesign Mid Frequency,64,64 IC BR CC DM Redesign MID,FR7NZ44W,0,0,1,TRUE
76,LightroomClassic1-11-OSX,Lightroom,CONS,NO USAGE,3,3,5,5,BR LIGHTROOM DM Redesign No usage Frequency,64,64 IC BR CC DM Redesign NO USAGE,FR7NZ44W,0,0,1,TRUE
76,LightroomClassic1-11-WIN,Lightroom,CONS,HIGH,4,4,6,6,BR LIGHTROOM DM Redesign High Frequency,85,85 IC BR CC DM Redesign HIGH,WKRCJ9M6,0,0,1,TRUE
76,LightroomClassic1-11-WIN,Lightroom,CONS,LOW,3,3,5,5,BR LIGHTROOM DM Redesign Low Frequency,64,64 IC BR CC DM Redesign LOW,FR7NZ44W,0,0,1,TRUE
76,LightroomClassic1-11-WIN,Lightroom,CONS,MID,3,3,5,5,BR LIGHTROOM DM Redesign Mid Frequency,64,64 IC BR CC DM Redesign MID,FR7NZ44W,0,0,1,TRUE
76,LightroomClassic1-11-WIN,Lightroom,CONS,NO USAGE,3,3,5,5,BR LIGHTROOM DM Redesign No usage Frequency,64,64 IC BR CC DM Redesign NO USAGE,FR7NZ44W,0,0,1,TRUE
76,Photoshop1-22-OSX,Photoshop,CONS,HIGH,2,2,2,2,BR PHOTOSHOP DM Redesign High Frequency,9,9 IC BR CC DM Redesign,QTV3P1PC,0,0,1,TRUE
76,Photoshop1-22-OSX,Photoshop,CONS,LOW,1,1,1,1,BR PHOTOSHOP DM Redesign Low Frequency,3,3 IC BR CC DM Redesign,BDDS3HQK,0,0,1,TRUE
76,Photoshop1-22-OSX,Photoshop,CONS,MID,1,1,1,1,BR PHOTOSHOP DM Redesign Mid Frequency,3,3 IC BR CC DM Redesign,BDDS3HQK,0,0,1,TRUE
76,Photoshop1-22-OSX,Photoshop,CONS,NO USAGE,1,1,1,1,BR PHOTOSHOP DM Redesign No usage Frequency,8,8 IC BR CC DM Redesign,QQ42P5FD,0,0,1,TRUE
76,Photoshop1-22-WIN,Photoshop,CONS,HIGH,2,2,2,2,BR PHOTOSHOP DM Redesign High Frequency,9,9 IC BR CC DM Redesign,QTV3P1PC,0,0,1,TRUE
76,Photoshop1-22-WIN,Photoshop,CONS,LOW,1,1,1,1,BR PHOTOSHOP DM Redesign Low Frequency,3,3 IC BR CC DM Redesign,BDDS3HQK,0,0,1,TRUE
76,Photoshop1-22-WIN,Photoshop,CONS,MID,1,1,1,1,BR PHOTOSHOP DM Redesign Mid Frequency,3,3 IC BR CC DM Redesign,BDDS3HQK,0,0,1,TRUE
76,Photoshop1-22-WIN,Photoshop,CONS,NO USAGE,1,1,1,1,BR PHOTOSHOP DM Redesign No usage Frequency,8,8 IC BR CC DM Redesign,QQ42P5FD,0,0,1,TRUE
76,Photoshop1-23-OSX,Photoshop,CONS,HIGH,2,2,2,2,BR PHOTOSHOP DM Redesign High Frequency,9,9 IC BR CC DM Redesign,QTV3P1PC,0,0,1,TRUE
76,Photoshop1-23-OSX,Photoshop,CONS,LOW,1,1,1,1,BR PHOTOSHOP DM Redesign Low Frequency,3,3 IC BR CC DM Redesign,BDDS3HQK,0,0,1,TRUE
76,Photoshop1-23-OSX,Photoshop,CONS,MID,1,1,1,1,BR PHOTOSHOP DM Redesign Mid Frequency,3,3 IC BR CC DM Redesign,BDDS3HQK,0,0,1,TRUE
76,Photoshop1-23-OSX,Photoshop,CONS,NO USAGE,1,1,1,1,BR PHOTOSHOP DM Redesign No usage Frequency,8,8 IC BR CC DM Redesign,QQ42P5FD,0,0,1,TRUE
76,Photoshop1-23-WIN,Photoshop,CONS,HIGH,2,2,2,2,BR PHOTOSHOP DM Redesign High Frequency,9,9 IC BR CC DM Redesign,QTV3P1PC,0,0,1,TRUE
76,Photoshop1-23-WIN,Photoshop,CONS,LOW,1,1,1,1,BR PHOTOSHOP DM Redesign Low Frequency,3,3 IC BR CC DM Redesign,BDDS3HQK,0,0,1,TRUE
76,Photoshop1-23-WIN,Photoshop,CONS,MID,1,1,1,1,BR PHOTOSHOP DM Redesign Mid Frequency,3,3 IC BR CC DM Redesign,BDDS3HQK,0,0,1,TRUE
76,Photoshop1-23-WIN,Photoshop,CONS,NO USAGE,1,1,1,1,BR PHOTOSHOP DM Redesign No usage Frequency,8,8 IC BR CC DM Redesign,QQ42P5FD,0,0,1,TRUE
764,Illustrator1-26-OSX,Illustrator,CONS,HIGH,3,3,3,3,TH ILLUSTRATOR DM Redesign High Frequency,50,50 IC TH CC DM Redesign HIGH,CZY71VFC,0,0,1,TRUE
764,Illustrator1-26-OSX,Illustrator,CONS,LOW,3,3,3,3,TH ILLUSTRATOR DM Redesign Low Frequency,50,50 IC TH CC DM Redesign LOW,CZY71VFC,0,0,1,TRUE
764,Illustrator1-26-OSX,Illustrator,CONS,MID,3,3,3,3,TH ILLUSTRATOR DM Redesign Mid Frequency,50,50 IC TH CC DM Redesign MID,CZY71VFC,0,0,1,TRUE
764,Illustrator1-26-OSX,Illustrator,CONS,NO USAGE,3,3,3,3,TH ILLUSTRATOR DM Redesign No usage Frequency,50,50 IC TH CC DM Redesign NO USAGE,CZY71VFC,0,0,1,TRUE
764,Illustrator1-26-WIN,Illustrator,CONS,HIGH,3,3,3,3,TH ILLUSTRATOR DM Redesign High Frequency,50,50 IC TH CC DM Redesign HIGH,CZY71VFC,0,0,1,TRUE
764,Illustrator1-26-WIN,Illustrator,CONS,LOW,3,3,3,3,TH ILLUSTRATOR DM Redesign Low Frequency,50,50 IC TH CC DM Redesign LOW,CZY71VFC,0,0,1,TRUE
764,Illustrator1-26-WIN,Illustrator,CONS,MID,3,3,3,3,TH ILLUSTRATOR DM Redesign Mid Frequency,50,50 IC TH CC DM Redesign MID,CZY71VFC,0,0,1,TRUE
764,Illustrator1-26-WIN,Illustrator,CONS,NO USAGE,3,3,3,3,TH ILLUSTRATOR DM Redesign No usage Frequency,50,50 IC TH CC DM Redesign NO USAGE,CZY71VFC,0,0,1,TRUE
764,LightroomClassic1-11-OSX,Lightroom,CONS,HIGH,3,3,5,5,TH LIGHTROOM DM Redesign High Frequency,78,78 IC TH CC DM Redesign HIGH,VPM4K5RF,0,0,1,TRUE
764,LightroomClassic1-11-OSX,Lightroom,CONS,LOW,3,3,5,5,TH LIGHTROOM DM Redesign Low Frequency,78,78 IC TH CC DM Redesign LOW,VPM4K5RF,0,0,1,TRUE
764,LightroomClassic1-11-OSX,Lightroom,CONS,MID,3,3,5,5,TH LIGHTROOM DM Redesign Mid Frequency,78,78 IC TH CC DM Redesign MID,VPM4K5RF,0,0,1,TRUE
764,LightroomClassic1-11-OSX,Lightroom,CONS,NO USAGE,3,3,5,5,TH LIGHTROOM DM Redesign No usage Frequency,78,78 IC TH CC DM Redesign NO USAGE,VPM4K5RF,0,0,1,TRUE
764,LightroomClassic1-11-WIN,Lightroom,CONS,HIGH,3,3,5,5,TH LIGHTROOM DM Redesign High Frequency,78,78 IC TH CC DM Redesign HIGH,VPM4K5RF,0,0,1,TRUE
764,LightroomClassic1-11-WIN,Lightroom,CONS,LOW,3,3,5,5,TH LIGHTROOM DM Redesign Low Frequency,78,78 IC TH CC DM Redesign LOW,VPM4K5RF,0,0,1,TRUE
764,LightroomClassic1-11-WIN,Lightroom,CONS,MID,3,3,5,5,TH LIGHTROOM DM Redesign Mid Frequency,78,78 IC TH CC DM Redesign MID,VPM4K5RF,0,0,1,TRUE
764,LightroomClassic1-11-WIN,Lightroom,CONS,NO USAGE,3,3,5,5,TH LIGHTROOM DM Redesign No usage Frequency,78,78 IC TH CC DM Redesign NO USAGE,VPM4K5RF,0,0,1,TRUE
764,Photoshop1-23-WIN,Photoshop,CONS,HIGH,3,3,7,7,TH PHOTOSHOP DM Redesign High Frequency,27,27 IC TH CC DM Redesign HIGH,952G4QB4,0,0,1,TRUE
764,Photoshop1-23-WIN,Photoshop,CONS,LOW,3,3,7,7,TH PHOTOSHOP DM Redesign Low Frequency,27,27 IC TH CC DM Redesign LOW,952G4QB4,0,0,1,TRUE
764,Photoshop1-23-WIN,Photoshop,CONS,MID,3,3,7,7,TH PHOTOSHOP DM Redesign Mid Frequency,27,27 IC TH CC DM Redesign MID,952G4QB4,0,0,1,TRUE
764,Photoshop1-23-WIN,Photoshop,CONS,NO USAGE,3,3,7,7,TH PHOTOSHOP DM Redesign No usage Frequency,27,27 IC TH CC DM Redesign NO USAGE,952G4QB4,0,0,1,TRUE
784,Illustrator1-26-OSX,Illustrator,CONS,HIGH,3,3,3,3,AE ILLUSTRATOR DM Redesign High Frequency,51,51 IC AE CC DM Redesign HIGH,D4P81QPB,0,0,1,TRUE
784,Illustrator1-26-OSX,Illustrator,CONS,LOW,3,3,3,3,AE ILLUSTRATOR DM Redesign Low Frequency,51,51 IC AE CC DM Redesign LOW,D4P81QPB,0,0,1,TRUE
784,Illustrator1-26-OSX,Illustrator,CONS,MID,3,3,3,3,AE ILLUSTRATOR DM Redesign Mid Frequency,51,51 IC AE CC DM Redesign MID,D4P81QPB,0,0,1,TRUE
784,Illustrator1-26-OSX,Illustrator,CONS,NO USAGE,3,3,3,3,AE ILLUSTRATOR DM Redesign No usage Frequency,51,51 IC AE CC DM Redesign NO USAGE,D4P81QPB,0,0,1,TRUE
784,Illustrator1-26-WIN,Illustrator,CONS,HIGH,3,3,3,3,AE ILLUSTRATOR DM Redesign High Frequency,51,51 IC AE CC DM Redesign HIGH,D4P81QPB,0,0,1,TRUE
784,Illustrator1-26-WIN,Illustrator,CONS,LOW,3,3,3,3,AE ILLUSTRATOR DM Redesign Low Frequency,51,51 IC AE CC DM Redesign LOW,D4P81QPB,0,0,1,TRUE
784,Illustrator1-26-WIN,Illustrator,CONS,MID,3,3,3,3,AE ILLUSTRATOR DM Redesign Mid Frequency,51,51 IC AE CC DM Redesign MID,D4P81QPB,0,0,1,TRUE
784,Illustrator1-26-WIN,Illustrator,CONS,NO USAGE,3,3,3,3,AE ILLUSTRATOR DM Redesign No usage Frequency,51,51 IC AE CC DM Redesign NO USAGE,D4P81QPB,0,0,1,TRUE
784,LightroomClassic1-11-OSX,Lightroom,CONS,HIGH,3,3,5,5,AE LIGHTROOM DM Redesign High Frequency,79,79 IC AE CC DM Redesign HIGH,VTC5K21D,0,0,1,TRUE
784,LightroomClassic1-11-OSX,Lightroom,CONS,LOW,3,3,5,5,AE LIGHTROOM DM Redesign Low Frequency,79,79 IC AE CC DM Redesign LOW,VTC5K21D,0,0,1,TRUE
784,LightroomClassic1-11-OSX,Lightroom,CONS,MID,3,3,5,5,AE LIGHTROOM DM Redesign Mid Frequency,79,79 IC AE CC DM Redesign MID,VTC5K21D,0,0,1,TRUE
784,LightroomClassic1-11-OSX,Lightroom,CONS,NO USAGE,3,3,5,5,AE LIGHTROOM DM Redesign No usage Frequency,79,79 IC AE CC DM Redesign NO USAGE,VTC5K21D,0,0,1,TRUE
784,LightroomClassic1-11-WIN,Lightroom,CONS,HIGH,3,3,5,5,AE LIGHTROOM DM Redesign High Frequency,79,79 IC AE CC DM Redesign HIGH,VTC5K21D,0,0,1,TRUE
784,LightroomClassic1-11-WIN,Lightroom,CONS,LOW,3,3,5,5,AE LIGHTROOM DM Redesign Low Frequency,79,79 IC AE CC DM Redesign LOW,VTC5K21D,0,0,1,TRUE
784,LightroomClassic1-11-WIN,Lightroom,CONS,MID,3,3,5,5,AE LIGHTROOM DM Redesign Mid Frequency,79,79 IC AE CC DM Redesign MID,VTC5K21D,0,0,1,TRUE
784,LightroomClassic1-11-WIN,Lightroom,CONS,NO USAGE,3,3,5,5,AE LIGHTROOM DM Redesign No usage Frequency,79,79 IC AE CC DM Redesign NO USAGE,VTC5K21D,0,0,1,TRUE
784,Photoshop1-23-WIN,Photoshop,CONS,HIGH,3,3,7,7,AE PHOTOSHOP DM Redesign High Frequency,28,28 IC AE CC DM Redesign HIGH,98SH4LL3,0,0,1,TRUE
784,Photoshop1-23-WIN,Photoshop,CONS,LOW,3,3,7,7,AE PHOTOSHOP DM Redesign Low Frequency,28,28 IC AE CC DM Redesign LOW,98SH4LL3,0,0,1,TRUE
784,Photoshop1-23-WIN,Photoshop,CONS,MID,3,3,7,7,AE PHOTOSHOP DM Redesign Mid Frequency,28,28 IC AE CC DM Redesign MID,98SH4LL3,0,0,1,TRUE
784,Photoshop1-23-WIN,Photoshop,CONS,NO USAGE,3,3,7,7,AE PHOTOSHOP DM Redesign No usage Frequency,28,28 IC AE CC DM Redesign NO USAGE,98SH4LL3,0,0,1,TRUE
792,Illustrator1-26-OSX,Illustrator,CONS,HIGH,3,3,3,3,TR ILLUSTRATOR DM Redesign High Frequency,52,52 IC TR CC DM Redesign HIGH,D8F91LY9,0,0,1,TRUE
792,Illustrator1-26-OSX,Illustrator,CONS,LOW,3,3,3,3,TR ILLUSTRATOR DM Redesign Low Frequency,52,52 IC TR CC DM Redesign LOW,D8F91LY9,0,0,1,TRUE
792,Illustrator1-26-OSX,Illustrator,CONS,MID,3,3,3,3,TR ILLUSTRATOR DM Redesign Mid Frequency,52,52 IC TR CC DM Redesign MID,D8F91LY9,0,0,1,TRUE
792,Illustrator1-26-OSX,Illustrator,CONS,NO USAGE,3,3,3,3,TR ILLUSTRATOR DM Redesign No usage Frequency,52,52 IC TR CC DM Redesign NO USAGE,D8F91LY9,0,0,1,TRUE
792,Illustrator1-26-WIN,Illustrator,CONS,HIGH,3,3,3,3,TR ILLUSTRATOR DM Redesign High Frequency,52,52 IC TR CC DM Redesign HIGH,D8F91LY9,0,0,1,TRUE
792,Illustrator1-26-WIN,Illustrator,CONS,LOW,3,3,3,3,TR ILLUSTRATOR DM Redesign Low Frequency,52,52 IC TR CC DM Redesign LOW,D8F91LY9,0,0,1,TRUE
792,Illustrator1-26-WIN,Illustrator,CONS,MID,3,3,3,3,TR ILLUSTRATOR DM Redesign Mid Frequency,52,52 IC TR CC DM Redesign MID,D8F91LY9,0,0,1,TRUE
792,Illustrator1-26-WIN,Illustrator,CONS,NO USAGE,3,3,3,3,TR ILLUSTRATOR DM Redesign No usage Frequency,52,52 IC TR CC DM Redesign NO USAGE,D8F91LY9,0,0,1,TRUE
792,LightroomClassic1-11-OSX,Lightroom,CONS,HIGH,3,3,5,5,TR LIGHTROOM DM Redesign High Frequency,80,80 IC TR CC DM Redesign HIGH,VY36JX9C,0,0,1,TRUE
792,LightroomClassic1-11-OSX,Lightroom,CONS,LOW,3,3,5,5,TR LIGHTROOM DM Redesign Low Frequency,80,80 IC TR CC DM Redesign LOW,VY36JX9C,0,0,1,TRUE
792,LightroomClassic1-11-OSX,Lightroom,CONS,MID,3,3,5,5,TR LIGHTROOM DM Redesign Mid Frequency,80,80 IC TR CC DM Redesign MID,VY36JX9C,0,0,1,TRUE
792,LightroomClassic1-11-OSX,Lightroom,CONS,NO USAGE,3,3,5,5,TR LIGHTROOM DM Redesign No usage Frequency,80,80 IC TR CC DM Redesign NO USAGE,VY36JX9C,0,0,1,TRUE
792,LightroomClassic1-11-WIN,Lightroom,CONS,HIGH,3,3,5,5,TR LIGHTROOM DM Redesign High Frequency,80,80 IC TR CC DM Redesign HIGH,VY36JX9C,0,0,1,TRUE
792,LightroomClassic1-11-WIN,Lightroom,CONS,LOW,3,3,5,5,TR LIGHTROOM DM Redesign Low Frequency,80,80 IC TR CC DM Redesign LOW,VY36JX9C,0,0,1,TRUE
792,LightroomClassic1-11-WIN,Lightroom,CONS,MID,3,3,5,5,TR LIGHTROOM DM Redesign Mid Frequency,80,80 IC TR CC DM Redesign MID,VY36JX9C,0,0,1,TRUE
792,LightroomClassic1-11-WIN,Lightroom,CONS,NO USAGE,3,3,5,5,TR LIGHTROOM DM Redesign No usage Frequency,80,80 IC TR CC DM Redesign NO USAGE,VY36JX9C,0,0,1,TRUE
792,Photoshop1-23-OSX,Photoshop,CONS,NO USAGE,3,3,7,7,TR PHOTOSHOP DM Redesign No usage Frequency,29,29 IC TR CC DM Redesign NO USAGE,9DJJ4GV2,0,0,1,TRUE
792,Photoshop1-23-WIN,Photoshop,CONS,HIGH,3,3,7,7,TR PHOTOSHOP DM Redesign High Frequency,29,29 IC TR CC DM Redesign HIGH,9DJJ4GV2,0,0,1,TRUE
792,Photoshop1-23-WIN,Photoshop,CONS,LOW,3,3,7,7,TR PHOTOSHOP DM Redesign Low Frequency,29,29 IC TR CC DM Redesign LOW,9DJJ4GV2,0,0,1,TRUE
792,Photoshop1-23-WIN,Photoshop,CONS,MID,3,3,7,7,TR PHOTOSHOP DM Redesign Mid Frequency,29,29 IC TR CC DM Redesign MID,9DJJ4GV2,0,0,1,TRUE
792,Photoshop1-23-WIN,Photoshop,CONS,NO USAGE,3,3,7,7,TR PHOTOSHOP DM Redesign No usage Frequency,29,29 IC TR CC DM Redesign NO USAGE,9DJJ4GV2,0,0,1,TRUE
818,Illustrator1-26-OSX,Illustrator,CONS,HIGH,3,3,3,3,EG ILLUSTRATOR DM Redesign High Frequency,53,53 IC EG CC DM Redesign HIGH,DD5B1H78,0,0,1,TRUE
818,Illustrator1-26-OSX,Illustrator,CONS,LOW,3,3,3,3,EG ILLUSTRATOR DM Redesign Low Frequency,53,53 IC EG CC DM Redesign LOW,DD5B1H78,0,0,1,TRUE
818,Illustrator1-26-OSX,Illustrator,CONS,MID,3,3,3,3,EG ILLUSTRATOR DM Redesign Mid Frequency,53,53 IC EG CC DM Redesign MID,DD5B1H78,0,0,1,TRUE
818,Illustrator1-26-OSX,Illustrator,CONS,NO USAGE,3,3,3,3,EG ILLUSTRATOR DM Redesign No usage Frequency,53,53 IC EG CC DM Redesign NO USAGE,DD5B1H78,0,0,1,TRUE
818,Illustrator1-26-WIN,Illustrator,CONS,HIGH,3,3,3,3,EG ILLUSTRATOR DM Redesign High Frequency,53,53 IC EG CC DM Redesign HIGH,DD5B1H78,0,0,1,TRUE
818,Illustrator1-26-WIN,Illustrator,CONS,LOW,3,3,3,3,EG ILLUSTRATOR DM Redesign Low Frequency,53,53 IC EG CC DM Redesign LOW,DD5B1H78,0,0,1,TRUE
818,Illustrator1-26-WIN,Illustrator,CONS,MID,3,3,3,3,EG ILLUSTRATOR DM Redesign Mid Frequency,53,53 IC EG CC DM Redesign MID,DD5B1H78,0,0,1,TRUE
818,Illustrator1-26-WIN,Illustrator,CONS,NO USAGE,3,3,3,3,EG ILLUSTRATOR DM Redesign No usage Frequency,53,53 IC EG CC DM Redesign NO USAGE,DD5B1H78,0,0,1,TRUE
818,LightroomClassic1-11-OSX,Lightroom,CONS,HIGH,3,3,5,5,EG LIGHTROOM DM Redesign High Frequency,81,81 IC EG CC DM Redesign HIGH,W2T7JSKB,0,0,1,TRUE
818,LightroomClassic1-11-OSX,Lightroom,CONS,LOW,3,3,5,5,EG LIGHTROOM DM Redesign Low Frequency,81,81 IC EG CC DM Redesign LOW,W2T7JSKB,0,0,1,TRUE
818,LightroomClassic1-11-OSX,Lightroom,CONS,MID,3,3,5,5,EG LIGHTROOM DM Redesign Mid Frequency,81,81 IC EG CC DM Redesign MID,W2T7JSKB,0,0,1,TRUE
818,LightroomClassic1-11-OSX,Lightroom,CONS,NO USAGE,3,3,5,5,EG LIGHTROOM DM Redesign No usage Frequency,81,81 IC EG CC DM Redesign NO USAGE,W2T7JSKB,0,0,1,TRUE
818,LightroomClassic1-11-WIN,Lightroom,CONS,HIGH,3,3,5,5,EG LIGHTROOM DM Redesign High Frequency,81,81 IC EG CC DM Redesign HIGH,W2T7JSKB,0,0,1,TRUE
818,LightroomClassic1-11-WIN,Lightroom,CONS,LOW,3,3,5,5,EG LIGHTROOM DM Redesign Low Frequency,81,81 IC EG CC DM Redesign LOW,W2T7JSKB,0,0,1,TRUE
818,LightroomClassic1-11-WIN,Lightroom,CONS,MID,3,3,5,5,EG LIGHTROOM DM Redesign Mid Frequency,81,81 IC EG CC DM Redesign MID,W2T7JSKB,0,0,1,TRUE
818,LightroomClassic1-11-WIN,Lightroom,CONS,NO USAGE,3,3,5,5,EG LIGHTROOM DM Redesign No usage Frequency,81,81 IC EG CC DM Redesign NO USAGE,W2T7JSKB,0,0,1,TRUE
818,Photoshop1-23-OSX,Photoshop,CONS,NO USAGE,3,3,7,7,EG PHOTOSHOP DM Redesign No usage Frequency,30,30 IC EG CC DM Redesign NO USAGE,9J8K4C41,0,0,1,TRUE
818,Photoshop1-23-WIN,Photoshop,CONS,HIGH,3,3,7,7,EG PHOTOSHOP DM Redesign High Frequency,30,30 IC EG CC DM Redesign HIGH,9J8K4C41,0,0,1,TRUE
818,Photoshop1-23-WIN,Photoshop,CONS,LOW,3,3,7,7,EG PHOTOSHOP DM Redesign Low Frequency,30,30 IC EG CC DM Redesign LOW,9J8K4C41,0,0,1,TRUE
818,Photoshop1-23-WIN,Photoshop,CONS,MID,3,3,7,7,EG PHOTOSHOP DM Redesign Mid Frequency,30,30 IC EG CC DM Redesign MID,9J8K4C41,0,0,1,TRUE
818,Photoshop1-23-WIN,Photoshop,CONS,NO USAGE,3,3,7,7,EG PHOTOSHOP DM Redesign No usage Frequency,30,30 IC EG CC DM Redesign NO USAGE,9J8K4C41,0,0,1,TRUE
826,Illustrator1-26-OSX,Illustrator,CONS,HIGH,4,4,4,4,UK ILLUSTRATOR DM Redesign High Frequency,58,58 IC UK CC DM Redesign HIGH,DZTGZVK3,0,0,1,TRUE
826,Illustrator1-26-OSX,Illustrator,CONS,LOW,3,3,3,3,UK ILLUSTRATOR DM Redesign Low Frequency,54,54 IC UK CC DM Redesign LOW,DHWC1CH7,0,0,1,TRUE
826,Illustrator1-26-OSX,Illustrator,CONS,MID,3,3,3,3,UK ILLUSTRATOR DM Redesign Mid Frequency,54,54 IC UK CC DM Redesign MID,DHWC1CH7,0,0,1,TRUE
826,Illustrator1-26-OSX,Illustrator,CONS,NO USAGE,3,3,3,3,UK ILLUSTRATOR DM Redesign No usage Frequency,54,54 IC UK CC DM Redesign NO USAGE,DHWC1CH7,0,0,1,TRUE
826,Illustrator1-26-WIN,Illustrator,CONS,HIGH,4,4,4,4,UK ILLUSTRATOR DM Redesign High Frequency,58,58 IC UK CC DM Redesign HIGH,DZTGZVK3,0,0,1,TRUE
826,Illustrator1-26-WIN,Illustrator,CONS,LOW,3,3,3,3,UK ILLUSTRATOR DM Redesign Low Frequency,54,54 IC UK CC DM Redesign LOW,DHWC1CH7,0,0,1,TRUE
826,Illustrator1-26-WIN,Illustrator,CONS,MID,3,3,3,3,UK ILLUSTRATOR DM Redesign Mid Frequency,54,54 IC UK CC DM Redesign MID,DHWC1CH7,0,0,1,TRUE
826,Illustrator1-26-WIN,Illustrator,CONS,NO USAGE,3,3,3,3,UK ILLUSTRATOR DM Redesign No usage Frequency,54,54 IC UK CC DM Redesign NO USAGE,DHWC1CH7,0,0,1,TRUE
826,LightroomClassic1-11-OSX,Lightroom,CONS,HIGH,4,4,6,6,UK LIGHTROOM DM Redesign High Frequency,86,86 IC UK CC DM Redesign HIGH,WPHDJ5W5,0,0,1,TRUE
826,LightroomClassic1-11-OSX,Lightroom,CONS,LOW,3,3,5,5,UK LIGHTROOM DM Redesign Low Frequency,82,82 IC UK CC DM Redesign LOW,W6K8JNT9,0,0,1,TRUE
826,LightroomClassic1-11-OSX,Lightroom,CONS,MID,3,3,5,5,UK LIGHTROOM DM Redesign Mid Frequency,82,82 IC UK CC DM Redesign MID,W6K8JNT9,0,0,1,TRUE
826,LightroomClassic1-11-OSX,Lightroom,CONS,NO USAGE,3,3,5,5,UK LIGHTROOM DM Redesign No usage Frequency,82,82 IC UK CC DM Redesign NO USAGE,W6K8JNT9,0,0,1,TRUE
826,LightroomClassic1-11-WIN,Lightroom,CONS,HIGH,4,4,6,6,UK LIGHTROOM DM Redesign High Frequency,86,86 IC UK CC DM Redesign HIGH,WPHDJ5W5,0,0,1,TRUE
826,LightroomClassic1-11-WIN,Lightroom,CONS,LOW,3,3,5,5,UK LIGHTROOM DM Redesign Low Frequency,82,82 IC UK CC DM Redesign LOW,W6K8JNT9,0,0,1,TRUE
826,LightroomClassic1-11-WIN,Lightroom,CONS,MID,3,3,5,5,UK LIGHTROOM DM Redesign Mid Frequency,82,82 IC UK CC DM Redesign MID,W6K8JNT9,0,0,1,TRUE
826,LightroomClassic1-11-WIN,Lightroom,CONS,NO USAGE,3,3,5,5,UK LIGHTROOM DM Redesign No usage Frequency,82,82 IC UK CC DM Redesign NO USAGE,W6K8JNT9,0,0,1,TRUE
826,Photoshop1-22-OSX,Photoshop,CONS,HIGH,2,2,2,2,UK PHOTOSHOP DM Redesign High Frequency,7,7 IC UK CC DM Redesign,QGMZPDWG,0,0,1,TRUE
826,Photoshop1-22-OSX,Photoshop,CONS,LOW,1,1,1,1,UK PHOTOSHOP DM Redesign Low Frequency,2,2 IC UK CC DM Redesign,B8NR3MGL,0,0,1,TRUE
826,Photoshop1-22-OSX,Photoshop,CONS,MID,1,1,1,1,UK PHOTOSHOP DM Redesign Mid Frequency,2,2 IC UK CC DM Redesign,B8NR3MGL,0,0,1,TRUE
826,Photoshop1-22-OSX,Photoshop,CONS,NO USAGE,1,1,1,1,UK PHOTOSHOP DM Redesign No usage Frequency,6,6 IC UK CC DM Redesign,QLD1P95F,0,0,1,TRUE
826,Photoshop1-22-WIN,Photoshop,CONS,HIGH,2,2,2,2,UK PHOTOSHOP DM Redesign High Frequency,7,7 IC UK CC DM Redesign,QGMZPDWG,0,0,1,TRUE
826,Photoshop1-22-WIN,Photoshop,CONS,LOW,1,1,1,1,UK PHOTOSHOP DM Redesign Low Frequency,2,2 IC UK CC DM Redesign,B8NR3MGL,0,0,1,TRUE
826,Photoshop1-22-WIN,Photoshop,CONS,MID,1,1,1,1,UK PHOTOSHOP DM Redesign Mid Frequency,2,2 IC UK CC DM Redesign,B8NR3MGL,0,0,1,TRUE
826,Photoshop1-22-WIN,Photoshop,CONS,NO USAGE,1,1,1,1,UK PHOTOSHOP DM Redesign No usage Frequency,6,6 IC UK CC DM Redesign,QLD1P95F,0,0,1,TRUE
826,Photoshop1-23-OSX,Photoshop,CONS,HIGH,2,2,2,2,UK PHOTOSHOP DM Redesign High Frequency,7,7 IC UK CC DM Redesign,QGMZPDWG,0,0,1,TRUE
826,Photoshop1-23-OSX,Photoshop,CONS,LOW,1,1,1,1,UK PHOTOSHOP DM Redesign Low Frequency,2,2 IC UK CC DM Redesign,B8NR3MGL,0,0,1,TRUE
826,Photoshop1-23-OSX,Photoshop,CONS,MID,1,1,1,1,UK PHOTOSHOP DM Redesign Mid Frequency,2,2 IC UK CC DM Redesign,B8NR3MGL,0,0,1,TRUE
826,Photoshop1-23-OSX,Photoshop,CONS,NO USAGE,1,1,1,1,UK PHOTOSHOP DM Redesign No usage Frequency,6,6 IC UK CC DM Redesign,QLD1P95F,0,0,1,TRUE
826,Photoshop1-23-WIN,Photoshop,CONS,HIGH,2,2,2,2,UK PHOTOSHOP DM Redesign High Frequency,7,7 IC UK CC DM Redesign,QGMZPDWG,0,0,1,TRUE
826,Photoshop1-23-WIN,Photoshop,CONS,LOW,1,1,1,1,UK PHOTOSHOP DM Redesign Low Frequency,2,2 IC UK CC DM Redesign,B8NR3MGL,0,0,1,TRUE
826,Photoshop1-23-WIN,Photoshop,CONS,MID,1,1,1,1,UK PHOTOSHOP DM Redesign Mid Frequency,2,2 IC UK CC DM Redesign,B8NR3MGL,0,0,1,TRUE
826,Photoshop1-23-WIN,Photoshop,CONS,NO USAGE,1,1,1,1,UK PHOTOSHOP DM Redesign No usage Frequency,6,6 IC UK CC DM Redesign,QLD1P95F,0,0,1,TRUE
840,Illustrator1-26-OSX,Illustrator,CONS,HIGH,4,4,4,4,US ILLUSTRATOR DM Redesign High Frequency,59,59 IC US CC DM Redesign HIGH,F4KHZQT2,0,0,1,TRUE
840,Illustrator1-26-OSX,Illustrator,CONS,LOW,3,3,3,3,US ILLUSTRATOR DM Redesign Low Frequency,55,55 IC US CC DM Redesign LOW,DMMD17R6,0,0,1,TRUE
840,Illustrator1-26-OSX,Illustrator,CONS,MID,3,3,3,3,US ILLUSTRATOR DM Redesign Mid Frequency,55,55 IC US CC DM Redesign MID,DMMD17R6,0,0,1,TRUE
840,Illustrator1-26-OSX,Illustrator,CONS,NO USAGE,3,3,3,3,US ILLUSTRATOR DM Redesign No usage Frequency,55,55 IC US CC DM Redesign NO USAGE,DMMD17R6,0,0,1,TRUE
840,Illustrator1-26-WIN,Illustrator,CONS,HIGH,4,4,4,4,US ILLUSTRATOR DM Redesign High Frequency,59,59 IC US CC DM Redesign HIGH,F4KHZQT2,0,0,1,TRUE
840,Illustrator1-26-WIN,Illustrator,CONS,LOW,3,3,3,3,US ILLUSTRATOR DM Redesign Low Frequency,55,55 IC US CC DM Redesign LOW,DMMD17R6,0,0,1,TRUE
840,Illustrator1-26-WIN,Illustrator,CONS,MID,3,3,3,3,US ILLUSTRATOR DM Redesign Mid Frequency,55,55 IC US CC DM Redesign MID,DMMD17R6,0,0,1,TRUE
840,Illustrator1-26-WIN,Illustrator,CONS,NO USAGE,3,3,3,3,US ILLUSTRATOR DM Redesign No usage Frequency,55,55 IC US CC DM Redesign NO USAGE,DMMD17R6,0,0,1,TRUE
840,LightroomClassic1-11-OSX,Lightroom,CONS,HIGH,4,4,6,6,US LIGHTROOM DM Redesign High Frequency,87,87 IC US CC DM Redesign HIGH,WT7FJ254,0,0,1,TRUE
840,LightroomClassic1-11-OSX,Lightroom,CONS,LOW,3,3,5,5,US LIGHTROOM DM Redesign Low Frequency,83,83 IC US CC DM Redesign LOW,WB99JK38,0,0,1,TRUE
840,LightroomClassic1-11-OSX,Lightroom,CONS,MID,3,3,5,5,US LIGHTROOM DM Redesign Mid Frequency,83,83 IC US CC DM Redesign MID,WB99JK38,0,0,1,TRUE
840,LightroomClassic1-11-OSX,Lightroom,CONS,NO USAGE,3,3,5,5,US LIGHTROOM DM Redesign No usage Frequency,83,83 IC US CC DM Redesign NO USAGE,WB99JK38,0,0,1,TRUE
840,LightroomClassic1-11-WIN,Lightroom,CONS,HIGH,4,4,6,6,US LIGHTROOM DM Redesign High Frequency,87,87 IC US CC DM Redesign HIGH,WT7FJ254,0,0,1,TRUE
840,LightroomClassic1-11-WIN,Lightroom,CONS,LOW,3,3,5,5,US LIGHTROOM DM Redesign Low Frequency,83,83 IC US CC DM Redesign LOW,WB99JK38,0,0,1,TRUE
840,LightroomClassic1-11-WIN,Lightroom,CONS,MID,3,3,5,5,US LIGHTROOM DM Redesign Mid Frequency,83,83 IC US CC DM Redesign MID,WB99JK38,0,0,1,TRUE
840,LightroomClassic1-11-WIN,Lightroom,CONS,NO USAGE,3,3,5,5,US LIGHTROOM DM Redesign No usage Frequency,83,83 IC US CC DM Redesign NO USAGE,WB99JK38,0,0,1,TRUE
840,Photoshop1-22-OSX,Photoshop,CONS,HIGH,2,2,2,2,US PHOTOSHOP DM Redesign High Frequency,5,5 IC US CC DM Redesign,QBWYPJMH,0,0,1,TRUE
840,Photoshop1-22-OSX,Photoshop,CONS,LOW,1,1,1,1,US PHOTOSHOP DM Redesign Low Frequency,1,1 IC US CC DM Redesign,B4XQ3R6M,0,0,1,TRUE
840,Photoshop1-22-OSX,Photoshop,CONS,MID,1,1,1,1,US PHOTOSHOP DM Redesign Mid Frequency,1,1 IC US CC DM Redesign,B4XQ3R6M,0,0,1,TRUE
840,Photoshop1-22-OSX,Photoshop,CONS,NO USAGE,1,1,1,1,US PHOTOSHOP DM Redesign No usage Frequency,4,4 IC US CC DM Redesign,Q75XPNCJ,0,0,1,TRUE
840,Photoshop1-22-WIN,Photoshop,CONS,HIGH,2,2,2,2,US PHOTOSHOP DM Redesign High Frequency,5,5 IC US CC DM Redesign,QBWYPJMH,0,0,1,TRUE
840,Photoshop1-22-WIN,Photoshop,CONS,LOW,1,1,1,1,US PHOTOSHOP DM Redesign Low Frequency,1,1 IC US CC DM Redesign,B4XQ3R6M,0,0,1,TRUE
840,Photoshop1-22-WIN,Photoshop,CONS,MID,1,1,1,1,US PHOTOSHOP DM Redesign Mid Frequency,1,1 IC US CC DM Redesign,B4XQ3R6M,0,0,1,TRUE
840,Photoshop1-22-WIN,Photoshop,CONS,NO USAGE,1,1,1,1,US PHOTOSHOP DM Redesign No usage Frequency,4,4 IC US CC DM Redesign,Q75XPNCJ,0,0,1,TRUE
840,Photoshop1-23-OSX,Photoshop,CONS,HIGH,2,2,2,2,US PHOTOSHOP DM Redesign High Frequency,5,5 IC US CC DM Redesign,QBWYPJMH,0,0,1,TRUE
840,Photoshop1-23-OSX,Photoshop,CONS,LOW,1,1,1,1,US PHOTOSHOP DM Redesign Low Frequency,1,1 IC US CC DM Redesign,B4XQ3R6M,0,0,1,TRUE
840,Photoshop1-23-OSX,Photoshop,CONS,MID,1,1,1,1,US PHOTOSHOP DM Redesign Mid Frequency,1,1 IC US CC DM Redesign,B4XQ3R6M,0,0,1,TRUE
840,Photoshop1-23-OSX,Photoshop,CONS,NO USAGE,1,1,1,1,US PHOTOSHOP DM Redesign No usage Frequency,4,4 IC US CC DM Redesign,Q75XPNCJ,0,0,1,TRUE
840,Photoshop1-23-WIN,Photoshop,CONS,HIGH,2,2,2,2,US PHOTOSHOP DM Redesign High Frequency,5,5 IC US CC DM Redesign,QBWYPJMH,0,0,1,TRUE
840,Photoshop1-23-WIN,Photoshop,CONS,LOW,1,1,1,1,US PHOTOSHOP DM Redesign Low Frequency,1,1 IC US CC DM Redesign,B4XQ3R6M,0,0,1,TRUE
840,Photoshop1-23-WIN,Photoshop,CONS,MID,1,1,1,1,US PHOTOSHOP DM Redesign Mid Frequency,1,1 IC US CC DM Redesign,B4XQ3R6M,0,0,1,TRUE
840,Photoshop1-23-WIN,Photoshop,CONS,NO USAGE,1,1,1,1,US PHOTOSHOP DM Redesign No usage Frequency,4,4 IC US CC DM Redesign,Q75XPNCJ,0,0,1,TRUE
12,Photoshop1-23-OSX,Photoshop,CONS,HIGH,3,3,7,7,DZ PHOTOSHOP DM Redesign High Frequency,10,10 IC DZ CC DM Redesign HIGH,71KW6TSP,0,0,1,TRUE
12,Photoshop1-23-OSX,Photoshop,CONS,LOW,3,3,7,7,DZ PHOTOSHOP DM Redesign Low Frequency,10,10 IC DZ CC DM Redesign LOW,71KW6TSP,0,0,1,TRUE
12,Photoshop1-23-OSX,Photoshop,CONS,MID,3,3,7,7,DZ PHOTOSHOP DM Redesign Mid Frequency,10,10 IC DZ CC DM Redesign MID,71KW6TSP,0,0,1,TRUE
12,Photoshop1-23-OSX,Photoshop,CONS,NO USAGE,3,3,7,7,DZ PHOTOSHOP DM Redesign No usage Frequency,10,10 IC DZ CC DM Redesign NO USAGE,71KW6TSP,0,0,1,TRUE
152,Photoshop1-23-OSX,Photoshop,CONS,HIGH,3,3,7,7,CL PHOTOSHOP DM Redesign High Frequency,14,14 IC CL CC DM Redesign HIGH,7JJ16BVK,0,0,1,TRUE
152,Photoshop1-23-OSX,Photoshop,CONS,LOW,3,3,7,7,CL PHOTOSHOP DM Redesign Low Frequency,14,14 IC CL CC DM Redesign LOW,7JJ16BVK,0,0,1,TRUE
152,Photoshop1-23-OSX,Photoshop,CONS,MID,3,3,7,7,CL PHOTOSHOP DM Redesign Mid Frequency,14,14 IC CL CC DM Redesign MID,7JJ16BVK,0,0,1,TRUE
152,Photoshop1-23-OSX,Photoshop,CONS,NO USAGE,3,3,7,7,CL PHOTOSHOP DM Redesign No usage Frequency,14,14 IC CL CC DM Redesign NO USAGE,7JJ16BVK,0,0,1,TRUE
170,Photoshop1-23-OSX,Photoshop,CONS,HIGH,3,3,7,7,CO PHOTOSHOP DM Redesign High Frequency,15,15 IC CO CC DM Redesign HIGH,7N82674J,0,0,1,TRUE
170,Photoshop1-23-OSX,Photoshop,CONS,LOW,3,3,7,7,CO PHOTOSHOP DM Redesign Low Frequency,15,15 IC CO CC DM Redesign LOW,7N82674J,0,0,1,TRUE
170,Photoshop1-23-OSX,Photoshop,CONS,MID,3,3,7,7,CO PHOTOSHOP DM Redesign Mid Frequency,15,15 IC CO CC DM Redesign MID,7N82674J,0,0,1,TRUE
170,Photoshop1-23-OSX,Photoshop,CONS,NO USAGE,3,3,7,7,CO PHOTOSHOP DM Redesign No usage Frequency,15,15 IC CO CC DM Redesign NO USAGE,7N82674J,0,0,1,TRUE
32,Photoshop1-23-OSX,Photoshop,CONS,HIGH,3,3,7,7,AR PHOTOSHOP DM Redesign High Frequency,11,11 IC AR CC DM Redesign HIGH,759X6Q2N,0,0,1,TRUE
32,Photoshop1-23-OSX,Photoshop,CONS,LOW,3,3,7,7,AR PHOTOSHOP DM Redesign Low Frequency,11,11 IC AR CC DM Redesign LOW,759X6Q2N,0,0,1,TRUE
32,Photoshop1-23-OSX,Photoshop,CONS,MID,3,3,7,7,AR PHOTOSHOP DM Redesign Mid Frequency,11,11 IC AR CC DM Redesign MID,759X6Q2N,0,0,1,TRUE
32,Photoshop1-23-OSX,Photoshop,CONS,NO USAGE,3,3,7,7,AR PHOTOSHOP DM Redesign No usage Frequency,11,11 IC AR CC DM Redesign NO USAGE,759X6Q2N,0,0,1,TRUE
36,Photoshop1-23-OSX,Photoshop,CONS,HIGH,4,4,8,8,AU PHOTOSHOP DM Redesign High Frequency,31,31 IC AU CC DM Redesign HIGH,9MZL47CZ,0,0,1,TRUE
36,Photoshop1-23-OSX,Photoshop,CONS,LOW,3,3,7,7,AU PHOTOSHOP DM Redesign Low Frequency,12,12 IC AU CC DM Redesign LOW,791Y6LBM,0,0,1,TRUE
36,Photoshop1-23-OSX,Photoshop,CONS,MID,3,3,7,7,AU PHOTOSHOP DM Redesign Mid Frequency,12,12 IC AU CC DM Redesign MID,791Y6LBM,0,0,1,TRUE
36,Photoshop1-23-OSX,Photoshop,CONS,NO USAGE,3,3,7,7,AU PHOTOSHOP DM Redesign No usage Frequency,12,12 IC AU CC DM Redesign NO USAGE,791Y6LBM,0,0,1,TRUE
392,Photoshop1-23-OSX,Photoshop,CONS,HIGH,3,3,7,7,JP PHOTOSHOP DM Redesign High Frequency,16,16 IC JP CC DM Redesign HIGH,7RZ363DH,0,0,1,TRUE
392,Photoshop1-23-OSX,Photoshop,CONS,LOW,3,3,7,7,JP PHOTOSHOP DM Redesign Low Frequency,16,16 IC JP CC DM Redesign LOW,7RZ363DH,0,0,1,TRUE
392,Photoshop1-23-OSX,Photoshop,CONS,MID,3,3,7,7,JP PHOTOSHOP DM Redesign Mid Frequency,16,16 IC JP CC DM Redesign MID,7RZ363DH,0,0,1,TRUE
392,Photoshop1-23-OSX,Photoshop,CONS,NO USAGE,3,3,7,7,JP PHOTOSHOP DM Redesign No usage Frequency,16,16 IC JP CC DM Redesign NO USAGE,7RZ363DH,0,0,1,TRUE
400,Photoshop1-23-OSX,Photoshop,CONS,HIGH,3,3,7,7,JO PHOTOSHOP DM Redesign High Frequency,17,17 IC JO CC DM Redesign HIGH,7WQ45YNG,0,0,1,TRUE
400,Photoshop1-23-OSX,Photoshop,CONS,LOW,3,3,7,7,JO PHOTOSHOP DM Redesign Low Frequency,17,17 IC JO CC DM Redesign LOW,7WQ45YNG,0,0,1,TRUE
400,Photoshop1-23-OSX,Photoshop,CONS,MID,3,3,7,7,JO PHOTOSHOP DM Redesign Mid Frequency,17,17 IC JO CC DM Redesign MID,7WQ45YNG,0,0,1,TRUE
400,Photoshop1-23-OSX,Photoshop,CONS,NO USAGE,3,3,7,7,JO PHOTOSHOP DM Redesign No usage Frequency,17,17 IC JO CC DM Redesign NO USAGE,7WQ45YNG,0,0,1,TRUE
410,Photoshop1-23-OSX,Photoshop,CONS,HIGH,3,3,7,7,KR PHOTOSHOP DM Redesign High Frequency,18,18 IC KR CC DM Redesign HIGH,81G55TXF,0,0,1,TRUE
410,Photoshop1-23-OSX,Photoshop,CONS,LOW,3,3,7,7,KR PHOTOSHOP DM Redesign Low Frequency,18,18 IC KR CC DM Redesign LOW,81G55TXF,0,0,1,TRUE
410,Photoshop1-23-OSX,Photoshop,CONS,MID,3,3,7,7,KR PHOTOSHOP DM Redesign Mid Frequency,18,18 IC KR CC DM Redesign MID,81G55TXF,0,0,1,TRUE
410,Photoshop1-23-OSX,Photoshop,CONS,NO USAGE,3,3,7,7,KR PHOTOSHOP DM Redesign No usage Frequency,18,18 IC KR CC DM Redesign NO USAGE,81G55TXF,0,0,1,TRUE
414,Photoshop1-23-OSX,Photoshop,CONS,HIGH,3,3,7,7,KW PHOTOSHOP DM Redesign High Frequency,19,19 IC KW CC DM Redesign HIGH,85665Q6D,0,0,1,TRUE
414,Photoshop1-23-OSX,Photoshop,CONS,LOW,3,3,7,7,KW PHOTOSHOP DM Redesign Low Frequency,19,19 IC KW CC DM Redesign LOW,85665Q6D,0,0,1,TRUE
414,Photoshop1-23-OSX,Photoshop,CONS,MID,3,3,7,7,KW PHOTOSHOP DM Redesign Mid Frequency,19,19 IC KW CC DM Redesign MID,85665Q6D,0,0,1,TRUE
414,Photoshop1-23-OSX,Photoshop,CONS,NO USAGE,3,3,7,7,KW PHOTOSHOP DM Redesign No usage Frequency,19,19 IC KW CC DM Redesign NO USAGE,85665Q6D,0,0,1,TRUE
422,Photoshop1-23-OSX,Photoshop,CONS,HIGH,3,3,7,7,LB PHOTOSHOP DM Redesign High Frequency,20,20 IC LB CC DM Redesign HIGH,88X75LGC,0,0,1,TRUE
422,Photoshop1-23-OSX,Photoshop,CONS,LOW,3,3,7,7,LB PHOTOSHOP DM Redesign Low Frequency,20,20 IC LB CC DM Redesign LOW,88X75LGC,0,0,1,TRUE
422,Photoshop1-23-OSX,Photoshop,CONS,MID,3,3,7,7,LB PHOTOSHOP DM Redesign Mid Frequency,20,20 IC LB CC DM Redesign MID,88X75LGC,0,0,1,TRUE
422,Photoshop1-23-OSX,Photoshop,CONS,NO USAGE,3,3,7,7,LB PHOTOSHOP DM Redesign No usage Frequency,20,20 IC LB CC DM Redesign NO USAGE,88X75LGC,0,0,1,TRUE
48,Photoshop1-23-OSX,Photoshop,CONS,HIGH,3,3,7,7,BH PHOTOSHOP DM Redesign High Frequency,13,13 IC BH CC DM Redesign HIGH,7DRZ6GLL,0,0,1,TRUE
48,Photoshop1-23-OSX,Photoshop,CONS,LOW,3,3,7,7,BH PHOTOSHOP DM Redesign Low Frequency,13,13 IC BH CC DM Redesign LOW,7DRZ6GLL,0,0,1,TRUE
48,Photoshop1-23-OSX,Photoshop,CONS,MID,3,3,7,7,BH PHOTOSHOP DM Redesign Mid Frequency,13,13 IC BH CC DM Redesign MID,7DRZ6GLL,0,0,1,TRUE
48,Photoshop1-23-OSX,Photoshop,CONS,NO USAGE,3,3,7,7,BH PHOTOSHOP DM Redesign No usage Frequency,13,13 IC BH CC DM Redesign NO USAGE,7DRZ6GLL,0,0,1,TRUE
484,Photoshop1-23-OSX,Photoshop,CONS,HIGH,3,3,7,7,MX PHOTOSHOP DM Redesign High Frequency,21,21 IC MX CC DM Redesign HIGH,8DN85GQB,0,0,1,TRUE
484,Photoshop1-23-OSX,Photoshop,CONS,LOW,3,3,7,7,MX PHOTOSHOP DM Redesign Low Frequency,21,21 IC MX CC DM Redesign LOW,8DN85GQB,0,0,1,TRUE
484,Photoshop1-23-OSX,Photoshop,CONS,MID,3,3,7,7,MX PHOTOSHOP DM Redesign Mid Frequency,21,21 IC MX CC DM Redesign MID,8DN85GQB,0,0,1,TRUE
484,Photoshop1-23-OSX,Photoshop,CONS,NO USAGE,3,3,7,7,MX PHOTOSHOP DM Redesign No usage Frequency,21,21 IC MX CC DM Redesign NO USAGE,8DN85GQB,0,0,1,TRUE
504,Photoshop1-23-OSX,Photoshop,CONS,HIGH,3,3,7,7,MA PHOTOSHOP DM Redesign High Frequency,22,22 IC MA CC DM Redesign HIGH,8JD95BZ9,0,0,1,TRUE
504,Photoshop1-23-OSX,Photoshop,CONS,LOW,3,3,7,7,MA PHOTOSHOP DM Redesign Low Frequency,22,22 IC MA CC DM Redesign LOW,8JD95BZ9,0,0,1,TRUE
504,Photoshop1-23-OSX,Photoshop,CONS,MID,3,3,7,7,MA PHOTOSHOP DM Redesign Mid Frequency,22,22 IC MA CC DM Redesign MID,8JD95BZ9,0,0,1,TRUE
504,Photoshop1-23-OSX,Photoshop,CONS,NO USAGE,3,3,7,7,MA PHOTOSHOP DM Redesign No usage Frequency,22,22 IC MA CC DM Redesign NO USAGE,8JD95BZ9,0,0,1,TRUE
512,Photoshop1-23-OSX,Photoshop,CONS,HIGH,3,3,7,7,OM PHOTOSHOP DM Redesign High Frequency,23,23 IC OM CC DM Redesign HIGH,8N4B5788,0,0,1,TRUE
512,Photoshop1-23-OSX,Photoshop,CONS,LOW,3,3,7,7,OM PHOTOSHOP DM Redesign Low Frequency,23,23 IC OM CC DM Redesign LOW,8N4B5788,0,0,1,TRUE
512,Photoshop1-23-OSX,Photoshop,CONS,MID,3,3,7,7,OM PHOTOSHOP DM Redesign Mid Frequency,23,23 IC OM CC DM Redesign MID,8N4B5788,0,0,1,TRUE
512,Photoshop1-23-OSX,Photoshop,CONS,NO USAGE,3,3,7,7,OM PHOTOSHOP DM Redesign No usage Frequency,23,23 IC OM CC DM Redesign NO USAGE,8N4B5788,0,0,1,TRUE
634,Photoshop1-23-OSX,Photoshop,CONS,HIGH,3,3,7,7,QA PHOTOSHOP DM Redesign High Frequency,24,24 IC QA CC DM Redesign HIGH,8RVC53J7,0,0,1,TRUE
634,Photoshop1-23-OSX,Photoshop,CONS,LOW,3,3,7,7,QA PHOTOSHOP DM Redesign Low Frequency,24,24 IC QA CC DM Redesign LOW,8RVC53J7,0,0,1,TRUE
634,Photoshop1-23-OSX,Photoshop,CONS,MID,3,3,7,7,QA PHOTOSHOP DM Redesign Mid Frequency,24,24 IC QA CC DM Redesign MID,8RVC53J7,0,0,1,TRUE
634,Photoshop1-23-OSX,Photoshop,CONS,NO USAGE,3,3,7,7,QA PHOTOSHOP DM Redesign No usage Frequency,24,24 IC QA CC DM Redesign NO USAGE,8RVC53J7,0,0,1,TRUE
682,Photoshop1-23-OSX,Photoshop,CONS,HIGH,3,3,7,7,SA PHOTOSHOP DM Redesign High Frequency,25,25 IC SA CC DM Redesign HIGH,8WLD4YS6,0,0,1,TRUE
682,Photoshop1-23-OSX,Photoshop,CONS,LOW,3,3,7,7,SA PHOTOSHOP DM Redesign Low Frequency,25,25 IC SA CC DM Redesign LOW,8WLD4YS6,0,0,1,TRUE
682,Photoshop1-23-OSX,Photoshop,CONS,MID,3,3,7,7,SA PHOTOSHOP DM Redesign Mid Frequency,25,25 IC SA CC DM Redesign MID,8WLD4YS6,0,0,1,TRUE
682,Photoshop1-23-OSX,Photoshop,CONS,NO USAGE,3,3,7,7,SA PHOTOSHOP DM Redesign No usage Frequency,25,25 IC SA CC DM Redesign NO USAGE,8WLD4YS6,0,0,1,TRUE
756,Photoshop1-23-OSX,Photoshop,CONS,HIGH,3,3,7,7,CH PHOTOSHOP DM Redesign High Frequency,26,26 IC CH CC DM Redesign HIGH,91BF4V25,0,0,1,TRUE
756,Photoshop1-23-OSX,Photoshop,CONS,LOW,3,3,7,7,CH PHOTOSHOP DM Redesign Low Frequency,26,26 IC CH CC DM Redesign LOW,91BF4V25,0,0,1,TRUE
756,Photoshop1-23-OSX,Photoshop,CONS,MID,3,3,7,7,CH PHOTOSHOP DM Redesign Mid Frequency,26,26 IC CH CC DM Redesign MID,91BF4V25,0,0,1,TRUE
756,Photoshop1-23-OSX,Photoshop,CONS,NO USAGE,3,3,7,7,CH PHOTOSHOP DM Redesign No usage Frequency,26,26 IC CH CC DM Redesign NO USAGE,91BF4V25,0,0,1,TRUE
764,Photoshop1-23-OSX,Photoshop,CONS,HIGH,3,3,7,7,TH PHOTOSHOP DM Redesign High Frequency,27,27 IC TH CC DM Redesign HIGH,952G4QB4,0,0,1,TRUE
764,Photoshop1-23-OSX,Photoshop,CONS,LOW,3,3,7,7,TH PHOTOSHOP DM Redesign Low Frequency,27,27 IC TH CC DM Redesign LOW,952G4QB4,0,0,1,TRUE
764,Photoshop1-23-OSX,Photoshop,CONS,MID,3,3,7,7,TH PHOTOSHOP DM Redesign Mid Frequency,27,27 IC TH CC DM Redesign MID,952G4QB4,0,0,1,TRUE
764,Photoshop1-23-OSX,Photoshop,CONS,NO USAGE,3,3,7,7,TH PHOTOSHOP DM Redesign No usage Frequency,27,27 IC TH CC DM Redesign NO USAGE,952G4QB4,0,0,1,TRUE
784,Photoshop1-23-OSX,Photoshop,CONS,HIGH,3,3,7,7,AE PHOTOSHOP DM Redesign High Frequency,28,28 IC AE CC DM Redesign HIGH,98SH4LL3,0,0,1,TRUE
784,Photoshop1-23-OSX,Photoshop,CONS,LOW,3,3,7,7,AE PHOTOSHOP DM Redesign Low Frequency,28,28 IC AE CC DM Redesign LOW,98SH4LL3,0,0,1,TRUE
784,Photoshop1-23-OSX,Photoshop,CONS,MID,3,3,7,7,AE PHOTOSHOP DM Redesign Mid Frequency,28,28 IC AE CC DM Redesign MID,98SH4LL3,0,0,1,TRUE
784,Photoshop1-23-OSX,Photoshop,CONS,NO USAGE,3,3,7,7,AE PHOTOSHOP DM Redesign No usage Frequency,28,28 IC AE CC DM Redesign NO USAGE,98SH4LL3,0,0,1,TRUE
792,Photoshop1-23-OSX,Photoshop,CONS,HIGH,3,3,7,7,TR PHOTOSHOP DM Redesign High Frequency,29,29 IC TR CC DM Redesign HIGH,9DJJ4GV2,0,0,1,TRUE
792,Photoshop1-23-OSX,Photoshop,CONS,LOW,3,3,7,7,TR PHOTOSHOP DM Redesign Low Frequency,29,29 IC TR CC DM Redesign LOW,9DJJ4GV2,0,0,1,TRUE
792,Photoshop1-23-OSX,Photoshop,CONS,MID,3,3,7,7,TR PHOTOSHOP DM Redesign Mid Frequency,29,29 IC TR CC DM Redesign MID,9DJJ4GV2,0,0,1,TRUE
818,Photoshop1-23-OSX,Photoshop,CONS,HIGH,3,3,7,7,EG PHOTOSHOP DM Redesign High Frequency,30,30 IC EG CC DM Redesign HIGH,9J8K4C41,0,0,1,TRUE
818,Photoshop1-23-OSX,Photoshop,CONS,LOW,3,3,7,7,EG PHOTOSHOP DM Redesign Low Frequency,30,30 IC EG CC DM Redesign LOW,9J8K4C41,0,0,1,TRUE
818,Photoshop1-23-OSX,Photoshop,CONS,MID,3,3,7,7,EG PHOTOSHOP DM Redesign Mid Frequency,30,30 IC EG CC DM Redesign MID,9J8K4C41,0,0,1,TRUE
