country,app_key,machine_count
mx,Photoshop1-23-WIN,4596
mx,Illustrator1-26-WIN,3618
mx,Illustrator1-26-OSX,3892
mx,Photoshop1-23-OSX,4999
au,Photoshop1-23-WIN,450
au,Photoshop1-23-OSX,1449
au,Illustrator1-26-OSX,470
au,Illustrator1-26-WIN,175
ae,Illustrator1-26-WIN,470
ae,Illustrator1-26-OSX,483
ae,Photoshop1-23-WIN,826
ae,Photoshop1-23-OSX,1176
cl,Photoshop1-23-WIN,1181
cl,Photoshop1-23-OSX,1679
cl,Illustrator1-26-WIN,617
cl,Illustrator1-26-OSX,791
jo,Illustrator1-26-OSX,103
jo,Photoshop1-23-WIN,372
jo,Illustrator1-26-WIN,259
jo,Photoshop1-23-OSX,134
us,Photoshop1-23-WIN,3436
us,Photoshop1-23-OSX,4998
us,Illustrator1-26-OSX,2465
us,Illustrator1-26-WIN,1617
bh,Illustrator1-26-WIN,84
bh,Photoshop1-23-OSX,216
bh,Photoshop1-23-WIN,116
bh,Illustrator1-26-OSX,121
ar,Illustrator1-26-WIN,1241
ar,Illustrator1-26-OSX,734
ar,Photoshop1-23-OSX,1302
ar,Photoshop1-23-WIN,1886
jp,Illustrator1-26-WIN,535
jp,Photoshop1-23-OSX,1754
jp,Photoshop1-23-WIN,836
jp,Illustrator1-26-OSX,917
ch,Illustrator1-26-OSX,309
ch,Illustrator1-26-WIN,94
ch,Photoshop1-23-WIN,233
ch,Photoshop1-23-OSX,666
kr,Illustrator1-26-OSX,2748
kr,Photoshop1-23-OSX,5000
kr,Illustrator1-26-WIN,3813
kr,Photoshop1-23-WIN,4588
qa,Photoshop1-23-WIN,135
qa,Photoshop1-23-OSX,137
qa,Illustrator1-26-WIN,81
qa,Illustrator1-26-OSX,62
lb,Illustrator1-26-OSX,160
lb,Photoshop1-23-OSX,233
lb,Photoshop1-23-WIN,208
lb,Illustrator1-26-WIN,163
br,Illustrator1-26-OSX,1623
br,Illustrator1-26-WIN,3721
br,Photoshop1-23-WIN,6162
br,Photoshop1-23-OSX,3914
eg,Photoshop1-23-WIN,2475
eg,Photoshop1-23-OSX,1344
eg,Illustrator1-26-OSX,685
eg,Illustrator1-26-WIN,1450
dz,Illustrator1-26-OSX,177
dz,Photoshop1-23-OSX,297
dz,Illustrator1-26-WIN,488
dz,Photoshop1-23-WIN,642
kw,Photoshop1-23-OSX,264
kw,Illustrator1-26-WIN,82
kw,Photoshop1-23-WIN,163
kw,Illustrator1-26-OSX,166
th,Photoshop1-23-OSX,5000
th,Photoshop1-23-WIN,3628
th,Illustrator1-26-OSX,3927
th,Illustrator1-26-WIN,2208
ma,Photoshop1-23-WIN,1277
ma,Photoshop1-23-OSX,1257
ma,Illustrator1-26-WIN,1029
ma,Illustrator1-26-OSX,588
uk,Photoshop1-23-OSX,3437
uk,Illustrator1-26-WIN,524
uk,Photoshop1-23-WIN,1413
uk,Illustrator1-26-OSX,1021
sa,Photoshop1-23-OSX,722
sa,Illustrator1-26-OSX,343
sa,Photoshop1-23-WIN,1059
sa,Illustrator1-26-WIN,648
tr,Illustrator1-26-WIN,2105
tr,Illustrator1-26-OSX,1377
tr,Photoshop1-23-OSX,3375
tr,Photoshop1-23-WIN,3518
om,Illustrator1-26-WIN,107
om,Photoshop1-23-WIN,120
om,Illustrator1-26-OSX,53
om,Photoshop1-23-OSX,120
co,Illustrator1-26-WIN,2756
co,Illustrator1-26-OSX,1393
co,Photoshop1-23-WIN,2794
co,Photoshop1-23-OSX,1975
