launch_type,country_numeric_code,app_key,inventory_limit
IC,32,ILLUSTRATOR1-26-OSX,5000
IC,32,ILLUSTRATOR1-26-WIN,90000000
IC,32,PHOTOSHOP1-23-OSX,5000
IC,32,PHOTOSHOP1-23-WIN,90000000
IC,36,ILLUSTRATOR1-26-OSX,5000
IC,36,ILLUSTRATOR1-26-WIN,90000000
IC,36,PHOTOSHOP1-23-OSX,5000
IC,36,PHOTOSHOP1-23-WIN,90000000
IC,76,ILLUSTRATOR1-26-OSX,5000
IC,76,ILLUSTRATOR1-26-WIN,90000000
IC,76,PHOTOSHOP1-23-OSX,5000
IC,76,PHOTOSHOP1-23-WIN,90000000
IC,152,ILLUSTRATOR1-26-OSX,5000
IC,152,ILLUSTRATOR1-26-WIN,90000000
IC,152,PHOTOSHOP1-23-OSX,5000
IC,152,PHOTOSHOP1-23-WIN,90000000
IC,170,ILLUSTRATOR1-26-OSX,5000
IC,170,ILLUSTRATOR1-26-WIN,90000000
IC,170,PHOTOSHOP1-23-OSX,5000
IC,170,PHOTOSHOP1-23-WIN,90000000
IC,392,ILLUSTRATOR1-26-OSX,5000
IC,392,ILLUSTRATOR1-26-WIN,90000000
IC,392,PHOTOSHOP1-23-OSX,5000
IC,392,PHOTOSHOP1-23-WIN,90000000
IC,410,ILLUSTRATOR1-26-OSX,5000
IC,410,ILLUSTRATOR1-26-WIN,90000000
IC,410,PHOTOSHOP1-23-OSX,5000
IC,410,PHOTOSHOP1-23-WIN,90000000
IC,484,ILLUSTRATOR1-26-OSX,5000
IC,484,ILLUSTRATOR1-26-WIN,90000000
IC,484,PHOTOSHOP1-23-OSX,5000
IC,484,PHOTOSHOP1-23-WIN,90000000
IC,764,ILLUSTRATOR1-26-OSX,5000
IC,764,ILLUSTRATOR1-26-WIN,90000000
IC,764,PHOTOSHOP1-23-OSX,5000
IC,764,PHOTOSHOP1-23-WIN,90000000
IC,792,ILLUSTRATOR1-26-OSX,5000
IC,792,ILLUSTRATOR1-26-WIN,90000000
IC,792,PHOTOSHOP1-23-OSX,5000
IC,792,PHOTOSHOP1-23-WIN,90000000
IC,826,ILLUSTRATOR1-26-OSX,5000
IC,826,ILLUSTRATOR1-26-WIN,90000000
IC,826,PHOTOSHOP1-23-OSX,5000
IC,826,PHOTOSHOP1-23-WIN,90000000
IC,840,ILLUSTRATOR1-26-OSX,5000
IC,840,ILLUSTRATOR1-26-WIN,90000000
IC,840,PHOTOSHOP1-23-OSX,5000
IC,840,PHOTOSHOP1-23-WIN,90000000
IC,12,ILLUSTRATOR1-26-OSX,5000
IC,12,ILLUSTRATOR1-26-WIN,90000000
IC,12,PHOTOSHOP1-23-OSX,5000
IC,12,PHOTOSHOP1-23-WIN,90000000
IC,48,ILLUSTRATOR1-26-OSX,5000
IC,48,ILLUSTRATOR1-26-WIN,90000000
IC,48,PHOTOSHOP1-23-OSX,5000
IC,48,PHOTOSHOP1-23-WIN,90000000
IC,818,ILLUSTRATOR1-26-OSX,5000
IC,818,ILLUSTRATOR1-26-WIN,90000000
IC,818,PHOTOSHOP1-23-OSX,5000
IC,818,PHOTOSHOP1-23-WIN,90000000
IC,400,ILLUSTRATOR1-26-OSX,5000
IC,400,ILLUSTRATOR1-26-WIN,90000000
IC,400,PHOTOSHOP1-23-OSX,5000
IC,400,PHOTOSHOP1-23-WIN,90000000
IC,414,ILLUSTRATOR1-26-OSX,5000
IC,414,ILLUSTRATOR1-26-WIN,90000000
IC,414,PHOTOSHOP1-23-OSX,5000
IC,414,PHOTOSHOP1-23-WIN,90000000
IC,422,ILLUSTRATOR1-26-OSX,5000
IC,422,ILLUSTRATOR1-26-WIN,90000000
IC,422,PHOTOSHOP1-23-OSX,5000
IC,422,PHOTOSHOP1-23-WIN,90000000
IC,504,ILLUSTRATOR1-26-OSX,5000
IC,504,ILLUSTRATOR1-26-WIN,90000000
IC,504,PHOTOSHOP1-23-OSX,5000
IC,504,PHOTOSHOP1-23-WIN,90000000
IC,512,ILLUSTRATOR1-26-OSX,5000
IC,512,ILLUSTRATOR1-26-WIN,90000000
IC,512,PHOTOSHOP1-23-OSX,5000
IC,512,PHOTOSHOP1-23-WIN,90000000
IC,634,ILLUSTRATOR1-26-OSX,5000
IC,634,ILLUSTRATOR1-26-WIN,90000000
IC,634,PHOTOSHOP1-23-OSX,5000
IC,634,PHOTOSHOP1-23-WIN,90000000
IC,784,ILLUSTRATOR1-26-OSX,5000
IC,784,ILLUSTRATOR1-26-WIN,90000000
IC,784,PHOTOSHOP1-23-OSX,5000
IC,784,PHOTOSHOP1-23-WIN,90000000
IC,682,ILLUSTRATOR1-26-OSX,5000
IC,682,ILLUSTRATOR1-26-WIN,90000000
IC,682,PHOTOSHOP1-23-OSX,5000
IC,682,PHOTOSHOP1-23-WIN,90000000
IC,756,ILLUSTRATOR1-26-OSX,5000
IC,756,ILLUSTRATOR1-26-WIN,90000000
IC,756,PHOTOSHOP1-23-OSX,5000
IC,756,PHOTOSHOP1-23-WIN,90000000